,Unnamed: 0,BM%,Date,S_P,Avg_Mag,RMSE_Put_IV,RMSE_Put_K,rho,p,Maturity,Call_GSVJD,Call_Market,B_,N_,Bi^2,sigma2_est,sigma_est,Threshold_10,Threshold_5,Threshold_1,BM_%,BB_10,BUB_10,BM_%_10,BB_5,BUB_5,BM_%_5,BB_1,BUB_1,BM_%_1
179,179,-0.0009262446265985,2023-04-20,213.07,-0.0019735494258935,0.0063286664556858,0.001349224422165,-0.6541589725803509,0.0001186371417887,7.99999999999997,17.141702372733203,17.182027027027026,8.579291083025947e-07,90.0,33.74426205498617,0.3749362450554019,0.6123203777887862,1.0071773942621807,1.2001258874659806,1.577232772268489,0.0,0.0,0.0,0.0,0.0,0.0,0.0,0.0,0.0,0.0
180,180,-0.0475014612099339,2023-04-21,212.89000000000007,-0.1011258607698284,0.002952610528602,0.0011143199424097,-0.2268060013368522,0.7248452052379195,55.99999999999999,37.739390892014896,37.71016129032258,0.002256388817078855,90.0,33.72990038718897,0.3747766709687663,0.6121900611483058,1.0069630424634344,1.1998704715440527,1.576897098847199,0.0,0.0,0.0,0.0,0.0,0.0,0.0,0.0,0.0,0.0
181,181,0.0490658493066104,2023-04-24,212.79,0.1044072207395363,0.0038287728138874,0.0006485728986695,-0.9823722241013076,0.9778029832465228,25.0,29.68114409694929,29.8574,0.0,90.0,33.72990038718897,0.3747766709687663,0.6121900611483058,1.0069630424634344,1.1998704715440527,1.576897098847199,0.0490658493066104,0.0,0.0,0.0,0.0,0.0,0.0,0.0,0.0,0.0
182,182,0.0248391398746016,2023-04-25,207.55000000000004,0.0515536348097356,0.0228416330776915,0.0014734180178781,-0.9999836060826272,1.6158362234163628,23.99999999999998,24.98455070933175,25.13428571428572,0.0,90.0,33.72990038718897,0.3747766709687663,0.6121900611483058,1.0069630424634344,1.1998704715440527,1.576897098847199,0.0248391398746016,0.0,0.0,0.0,0.0,0.0,0.0,0.0,0.0,0.0
183,183,-0.063488412897394,2023-04-26,209.4,-0.132944736607143,0.0136985498053249,0.0014577827181523,-0.8711617325240585,0.1753332633180102,22.999999999999968,24.90820735176709,24.627375,0.004030778572229985,91.0,33.7339311657612,0.3707025402830901,0.6088534637193831,1.001474828080794,1.1933308607524553,1.5683025934156343,0.0,0.0,0.0,0.0,0.0,0.0,0.0,0.0,0.0,0.0
184,184,0.0391701211197592,2023-04-27,238.55999999999997,0.0934442409432976,0.0245850281386872,0.0007856506276346,-0.2038627533584495,0.2179236701211941,7.999999999999968,22.673195581912424,22.875222222222217,0.0,91.0,33.7339311657612,0.3707025402830901,0.6088534637193831,1.001474828080794,1.1933308607524553,1.5683025934156343,0.0391701211197592,0.0,0.0,0.0,0.0,0.0,0.0,0.0,0.0,0.0
185,185,-0.007087091259717,2023-04-28,240.32,-0.0170316977153519,0.0115088897272049,0.0008796055406994,-0.9177804977613582,5.0578156121861007e-05,20.99999999999998,40.083942373930704,40.05662790697674,5.022686252355709e-05,92.0,33.733981392623726,0.3666737107893883,0.6055358872844683,0.9960179004491355,1.1868285304240636,1.5597570828178173,0.0,0.0,0.0,0.0,0.0,0.0,0.0,0.0,0.0,0.0
186,186,0.2118098104319895,2023-05-01,243.18000000000004,0.5150790970085123,0.0085046282734224,0.0011661469931434,-0.7292801368150521,4.542656267580991e-05,17.999999999999968,33.43646852203911,33.95154761904762,0.0,92.0,33.733981392623726,0.3666737107893883,0.6055358872844683,0.9960179004491355,1.1868285304240636,1.5597570828178173,0.2118098104319895,0.0,0.0,0.0,0.0,0.0,0.0,0.0,0.0,0.0
187,187,0.2255927375488371,2023-05-02,239.24,0.539708065311838,0.0147099832286416,0.0023234224228507,-0.999981692357706,1.2174001715212748,45.0,51.89134010873401,52.42934210526316,0.0,92.0,33.733981392623726,0.3666737107893883,0.6055358872844683,0.9960179004491355,1.1868285304240636,1.5597570828178173,0.2255927375488371,0.0,0.0,0.0,0.0,0.0,0.0,0.0,0.0,0.0
188,188,-0.2980978517221967,2023-05-03,237.03,-0.706581337937123,0.013608818214523,0.0010334405354551,-0.6350972388662807,0.0001602985980017,8.999999999999986,20.69843848079427,19.991857142857143,0.08886232920138878,93.0,33.82284372182511,0.36368649163252803,0.6030642516619005,0.9919524216308524,1.1819842136209244,1.5533905713535119,0.0,0.0,0.0,0.0,0.0,0.0,0.0,0.0,0.0,0.0
189,189,-0.0196593168652525,2023-05-04,233.5200000000001,-0.0459084367437378,0.0096883645168274,0.0006912504607402,-0.4883497392130604,0.0017338300302119,7.99999999999997,20.357031160976828,20.133333333333333,0.0003864887396084014,94.0,33.823230210564724,0.3598215979847311,0.5998513132308132,0.9866676081993067,1.1756869700114487,1.5451145903922188,0.0,0.0,0.0,0.0,0.0,0.0,0.0,0.0,0.0,0.0
190,190,-0.0657146446764922,2023-05-05,232.78000000000003,-0.1529705498779387,0.0070372419639211,0.0011679484320636,-0.9999836099662806,0.9591994573572924,13.999999999999991,28.94295377981074,28.83368421052632,0.004318414524957625,94.0,33.520801841669275,0.35660427491137525,0.5971635244314368,0.982246589044173,1.1704190007666209,1.5381913052410348,0.0,0.0,0.0,0.0,0.0,0.0,0.0,0.0,0.0,0.0
191,191,-0.0690557356491328,2023-05-08,233.27000000000007,-0.1610863145487323,0.0120490982293433,0.000508704628421,-0.8538808649748116,4.461098338148784e-05,10.999999999999982,22.827975403909583,22.64794871794872,0.00476869462604291,95.0,33.52557053629532,0.3529007424873192,0.5940544945434881,0.97713268995668,1.1643254141593828,1.530182974950047,0.0,0.0,0.0,0.0,0.0,0.0,0.0,0.0,0.0,0.0
192,192,0.0205048995356449,2023-05-09,233.37,0.0478522840463346,0.0182302014797446,0.0002103762771842,-0.6119093916678248,0.3596260937893872,10.0,18.955670620407474,19.071206896551725,0.0,94.0,33.31154628396676,0.3543781519570932,0.595296692378761,0.9791759235714199,1.1667600771781914,1.533382664534948,0.0205048995356449,0.0,0.0,0.0,0.0,0.0,0.0,0.0,0.0,0.0
193,193,-0.0285412602859041,2023-05-10,233.08,-0.0665239694743854,0.0160581293244779,0.0005630159497139,-0.9973212208010116,0.9581542413389548,8.999999999999988,17.826020356485014,17.78644736842105,0.0008146035387077267,94.0,33.151929128642315,0.35268009711321613,0.5938687541142539,0.9768271741379825,1.1639613696076108,1.5297045393095718,0.0,0.0,0.0,0.0,0.0,0.0,0.0,0.0,0.0,0.0
194,194,-0.1516604537880682,2023-05-11,235.79,-0.3576001839868861,0.005900670646586,0.0006951049400508,-0.4459699075034591,0.4419213130137582,7.99999999999997,22.61256480736944,22.19272727272727,0.02300089324320277,95.0,33.17493002188552,0.34920978970405814,0.5909397513317733,0.9720093932878685,1.1582206296433313,1.5221599281122822,0.0,0.0,0.0,0.0,0.0,0.0,0.0,0.0,0.0,0.0
195,195,0.1154574942951946,2023-05-12,233.8100000000001,0.2699511674115948,0.0054411989947852,0.0007299526458325,-0.5845580666549789,1.0315586488238957,13.999999999999988,28.318728426646626,28.598870967741934,0.0,95.0,33.17493002188552,0.34920978970405814,0.5909397513317733,0.9720093932878685,1.1582206296433313,1.5221599281122822,0.1154574942951946,0.0,0.0,0.0,0.0,0.0,0.0,0.0,0.0,0.0
196,196,0.0234028408326483,2023-05-15,238.86,0.0559000256128637,0.0073928756316989,0.0006087079053493,-0.9569546306948532,0.2741552381832817,10.999999999999982,19.764929592498607,19.90017857142857,0.0,94.0,33.112601934916796,0.35226172271188083,0.5935164047538036,0.9762476110144919,1.1632707775511524,1.5287969475018373,0.0234028408326483,0.0,0.0,0.0,0.0,0.0,0.0,0.0,0.0,0.0
197,197,0.0564429403744996,2023-05-16,238.82,0.1347970302023801,0.0098033140116878,0.0004008486705575,-0.846846021322938,0.5806334780535092,10.0,17.6562055695125,17.841346153846153,0.0,93.0,30.13684907955831,0.32405214064041193,0.5692557778717858,0.9363424308954885,1.1157208226200332,1.4663057138566695,0.0564429403744996,0.0,0.0,0.0,0.0,0.0,0.0,0.0,0.0,0.0
198,198,0.0871779321706917,2023-05-17,242.48499999999996,0.2113934088241018,0.0078284261175548,0.0004317734628447,-0.6348334236893365,0.0578645252332523,8.99999999999999,21.26737331142848,21.495967741935488,0.0,92.0,24.988931171990345,0.2716188170868516,0.5211706218570379,0.857249387622103,1.0214756486401377,1.3424465599281612,0.0871779321706917,0.0,0.0,0.0,0.0,0.0,0.0,0.0,0.0,0.0
199,199,0.0016692002487816,2023-05-18,246.85000000000008,0.0041204208141175,0.0094208967898566,0.0005389061479456,-0.546672230871874,0.8705202138413961,7.99999999999997,23.92833410978654,23.925,0.0,91.0,24.9161512668073,0.2738038600748055,0.523262706558384,0.8606905607310018,1.0255760593073835,1.347835413007395,0.0016692002487816,0.0,0.0,0.0,0.0,0.0,0.0,0.0,0.0,0.0
200,200,0.0227609649719064,2023-05-19,245.64000000000007,0.0559100343569909,0.0350358065506706,0.0007177857561313,-0.8546967784431307,0.8101896449648334,27.99999999999997,50.87313973813531,51.11290322580644,0.0,90.0,24.852643361754296,0.27614048179726997,0.5254907057192068,0.8643552932315259,1.0299428574201814,1.3535743585341244,0.0227609649719064,0.0,0.0,0.0,0.0,0.0,0.0,0.0,0.0,0.0
201,201,0.1435281521177972,2023-05-22,248.32,0.356409107338914,0.0147358962089121,0.0013585799621173,-0.9892409014092436,1.819317275684638,25.0,29.77493495712299,30.130853658536587,0.0,89.0,24.7937275567502,0.2785812085028112,0.5278079276619585,0.8681667841485127,1.0344845289721607,1.359543126717091,0.1435281521177972,0.0,0.0,0.0,0.0,0.0,0.0,0.0,0.0,0.0
202,202,0.0217909608968871,2023-05-23,246.73999999999995,0.0537670169169792,0.0030617757287735,0.0004581052170629,-0.4706000445772191,0.2691531499525251,10.0,22.876277852811107,22.991333333333333,0.0,89.0,24.7937275567502,0.2785812085028112,0.5278079276619585,0.8681667841485127,1.0344845289721607,1.359543126717091,0.0217909608968871,0.0,0.0,0.0,0.0,0.0,0.0,0.0,0.0,0.0
203,203,-0.0522190905512273,2023-05-24,249.21,-0.1301351955627136,0.0055533680903601,0.0005110065975475,-0.3076557674047875,0.2848427568474572,8.99999999999999,22.996721404215663,22.835806451612903,0.0027268334179972767,90.0,24.796454390168197,0.27551615989075773,0.5248963325179151,0.8633776363156187,1.028777907352274,1.3520433546249933,0.0,0.0,0.0,0.0,0.0,0.0,0.0,0.0,0.0,0.0
204,204,0.0125916391993547,2023-05-25,252.6899999999999,0.0318178130928494,0.0090025333216259,0.0003577971435784,-0.223169327448164,0.6930649593826922,7.99999999999997,22.78788134847272,22.868166666666664,0.0,90.0,24.796454390168197,0.27551615989075773,0.5248963325179151,0.8633776363156187,1.028777907352274,1.3520433546249933,0.0125916391993547,0.0,0.0,0.0,0.0,0.0,0.0,0.0,0.0,0.0
205,205,-0.0648267399571134,2023-05-26,262.04,-0.16987198938362,0.0090365294771598,0.0016638972590568,-0.999983118698936,1.95383280713645,20.99999999999998,41.88410817557178,41.786125000000006,0.004202506213467203,90.0,24.449821953179104,0.2716646883686567,0.5212146279304302,0.8573217711715302,1.0215618989590876,1.3425599120615392,0.0,0.0,0.0,0.0,0.0,0.0,0.0,0.0,0.0,0.0
206,206,0.2830948955331605,2023-05-30,262.52000000000004,0.743180719753653,0.0079554902540882,0.0010048189476465,-0.5723976540982271,5.0991242968256856e-05,16.99999999999999,29.30577276861844,30.0489534883721,0.0,90.0,24.449821953179104,0.2716646883686567,0.5212146279304302,0.8573217711715302,1.0215618989590876,1.3425599120615392,0.2830948955331605,0.0,0.0,0.0,0.0,0.0,0.0,0.0,0.0,0.0
207,207,-0.0491326242646284,2023-05-31,264.7200000000001,-0.1300638829533244,0.013240148846741,0.0005948678078587,0.0094160601138572,0.4557113035216881,8.999999999999988,25.58608724995417,25.393448275862067,0.002414014767129152,91.0,24.452235967946233,0.2687058897576509,0.5183684883918495,0.8526402882286856,1.015983567968494,1.3352287424360738,0.0,0.0,0.0,0.0,0.0,0.0,0.0,0.0,0.0,0.0
208,208,-0.036225211399563,2023-06-01,272.61000000000007,-0.0987535487963487,0.0085893131150274,0.0030491782459601,-0.1637839516889877,0.3439065134408267,49.99999999999999,54.65716267181205,54.53728571428571,0.0013122659409430292,92.0,24.453548233887176,0.2657994373248606,0.5155574044903832,0.848016466677694,1.0104739447640998,1.3279878701479426,0.0,0.0,0.0,0.0,0.0,0.0,0.0,0.0,0.0,0.0
209,209,-0.2451060138156457,2023-06-02,272.61000000000007,-0.6681835042628319,0.0201215287967228,0.0007070460846347,-0.6242628737871402,0.1890989947056972,13.999999999999986,33.38888117868143,32.7206976744186,0.0600769580085955,92.0,24.50157183551149,0.26632143299469013,0.5160634001696789,0.8488487555060054,1.0114656780718523,1.3292912286461414,0.0,0.0,0.0,0.0,0.0,0.0,0.0,0.0,0.0,0.0
210,210,0.2548466439832498,2023-06-05,271.39,0.6916283071061418,0.0099055926901985,0.0006303561701531,-0.9247289520246704,0.4606825410282488,10.999999999999975,27.33987169289386,28.031500000000005,0.0,92.0,24.50157183551149,0.26632143299469013,0.5160634001696789,0.8488487555060054,1.0114656780718523,1.3292912286461414,0.2548466439832498,0.0,0.0,0.0,0.0,0.0,0.0,0.0,0.0,0.0
211,211,0.0206741470124443,2023-06-06,271.12,0.0560517473801391,0.0067225849158156,0.0015406373937624,-0.1687837391684123,0.3130845047471065,10.0,28.14444650334311,28.20390243902439,0.0,92.0,24.50157183551149,0.26632143299469013,0.5160634001696789,0.8488487555060054,1.0114656780718523,1.3292912286461414,0.0206741470124443,0.0,0.0,0.0,0.0,0.0,0.0,0.0,0.0,0.0
212,212,0.0508681591114011,2023-06-07,263.6000000000001,0.1340884674176534,0.0108461022474541,0.0008568441242059,-0.2565372036558936,0.1819284669634237,8.999999999999988,21.98567467207788,22.14067567567568,0.0,91.0,24.382382419487996,0.2679382683460219,0.5176275382415642,0.8514215336865987,1.0145313323595953,1.3333201813265,0.0508681591114011,0.0,0.0,0.0,0.0,0.0,0.0,0.0,0.0,0.0
213,213,-0.1704214880725989,2023-06-08,264.58,-0.4509011731424823,0.0113340577752884,0.0006652527769242,-0.2342310250929814,0.4615215793148626,7.99999999999997,29.79113926838058,29.3402380952381,0.029043483596878972,91.0,24.409900874934515,0.26824066895532434,0.5179195583826935,0.8519018640748782,1.015103681318969,1.3340723753632475,0.0,0.0,0.0,0.0,0.0,0.0,0.0,0.0,0.0,0.0
214,214,-0.0067649652768326,2023-06-09,264.94999999999993,-0.0179237755009679,0.0023619992994533,0.0005084943851454,0.0435347771298433,0.0336353937170894,13.999999999999986,21.894340171515104,21.9105,4.5764755196750774e-05,92.0,24.40994663968971,0.26532550695314905,0.5150975703234767,0.8472601067804616,1.009572686358102,1.3268034158260518,0.0,0.0,0.0,0.0,0.0,0.0,0.0,0.0,0.0,0.0
215,215,-0.5474898818339469,2023-06-12,271.05,-1.4839713247109132,0.0068941053244116,0.0005171230551637,-0.1070602378027563,0.5748489986686639,10.999999999999975,24.13154708228667,22.64757575757576,0.2997451707105491,93.0,24.709691810400262,0.2656956108645189,0.5154567012509575,0.847850824589079,1.0102765700416991,1.3277284757928676,0.0,0.0,0.0,0.0,0.0,0.0,0.0,0.0,0.0,0.0
216,216,-0.4394303163355427,2023-06-13,271.31999999999994,-1.1922623342815943,0.0047773451861528,0.000923767125478,-0.1882097878930022,0.7957856323766823,10.0,20.20172179374105,19.00945945945946,0.19309900291475512,94.0,24.902790813315015,0.2649233065246278,0.5147070103705873,0.8466176928254096,1.0088072029166353,1.3257974000546064,0.0,0.0,0.0,0.0,0.0,0.0,0.0,0.0,0.0,0.0
217,217,0.127611159509988,2023-06-14,273.3500000000001,0.3488251045205522,0.0056076492161052,0.0001743357989651,0.6445949564648142,1.921787251921219,8.999999999999988,19.397721265324638,19.746184210526312,0.0,93.0,24.74266106949548,0.2660501190268331,0.5158004643530608,0.8484162645743857,1.0109503333410352,1.328613950864744,0.127611159509988,0.0,0.0,0.0,0.0,0.0,0.0,0.0,0.0,0.0
218,218,-0.0892585731975771,2023-06-15,281.83,-0.2515574368427317,0.0118447554451107,0.0004282652339966,-0.1543447929680964,0.4497054969680623,7.99999999999997,29.826050343521118,29.42851351351352,0.00796709288926723,93.0,20.458262883825704,0.21998132133145917,0.46902166403212037,0.7714719852020481,0.9192655694720012,1.208119746213203,0.0,0.0,0.0,0.0,0.0,0.0,0.0,0.0,0.0,0.0
219,219,-0.0505210107176401,2023-06-16,281.0,-0.1419640401165689,0.0058711338516888,0.001533226210669,-0.9999760232919336,1.2192292682537065,34.99999999999999,53.56913091928509,53.39289473684211,0.0025523725239319055,93.0,20.413177221837582,0.21949652926707078,0.4685045669650092,0.7706214362157242,0.918252077843952,1.2067877924349588,0.0,0.0,0.0,0.0,0.0,0.0,0.0,0.0,0.0,0.0
220,220,0.032539147957939,2023-06-20,284.33,0.092518559388808,0.0099484266955998,0.0006357509943648,-0.0788280310263594,0.3292790124999356,10.0,27.78032898136313,27.98471428571429,0.0,92.0,20.39598026775383,0.22169543769297642,0.4708454499015324,0.7744718460041332,0.9228401240915618,1.2128175072990328,0.032539147957939,0.0,0.0,0.0,0.0,0.0,0.0,0.0,0.0,0.0
221,221,0.0043911581274142,2023-06-21,281.64,0.0123672577500493,0.0133758775770019,0.0002435304972859,-0.1045676666129443,0.0044907247641106,8.99999999999999,25.118439892307578,25.177258064516128,0.0,91.0,20.176081247187753,0.22171517854052475,0.47086641262732337,0.7745063266196813,0.92288121027913,1.2128715037024076,0.0043911581274142,0.0,0.0,0.0,0.0,0.0,0.0,0.0,0.0,0.0
222,222,-0.2125912822847045,2023-06-22,284.87999999999994,-0.6056300449726663,0.0103210948982182,0.0004838888648203,-0.4089365878523886,0.4283826973015563,7.99999999999997,25.724778734829965,25.04057142857143,0.04519505330345491,91.0,19.770707414812943,0.21726052104190047,0.46611213354932146,0.7666862334346903,0.9135629945137939,1.2006252923360408,0.0,0.0,0.0,0.0,0.0,0.0,0.0,0.0,0.0,0.0
223,223,-0.0557231667197563,2023-06-23,288.73,-0.1608894992699525,0.0168804830822856,0.0010172264976886,-0.9999717466311064,1.9998311690264128,27.99999999999997,39.66555575971892,39.49978260869566,0.0031050713092777562,91.0,15.198346155632642,0.16701479291904,0.4086744338945611,0.6722096248338085,0.8009871718356348,1.0526755824368685,0.0,0.0,0.0,0.0,0.0,0.0,0.0,0.0,0.0,0.0
224,224,-0.0124761075816618,2023-06-26,278.47,-0.0347422167826536,0.0145818800196515,0.001681498283922,-0.9999822576496517,1.996465435622126,24.999999999999996,27.83431407525628,27.878679245283017,0.00015565326038919906,91.0,15.189764124833555,0.16692048488828082,0.40855903476521094,0.6720198101573498,0.8007609936982613,1.0523783339778843,0.0,0.0,0.0,0.0,0.0,0.0,0.0,0.0,0.0,0.0
225,225,-0.0230109748660217,2023-06-27,287.05,-0.0660530033529154,0.0170247680070682,0.0013876620265197,-0.999984170102072,1.4776464524369586,10.0,24.972209295759573,25.021206896551725,0.0005295049642846824,92.0,15.19029362979784,0.1651118872804113,0.4063396206136085,0.6683691987403791,0.796411021894342,1.0466615019694756,0.0,0.0,0.0,0.0,0.0,0.0,0.0,0.0,0.0,0.0
226,226,0.051985388825252,2023-06-28,285.29,0.1483091157795615,0.0244022561698634,0.0008211040662639,-0.0973422741015328,0.1699795223543647,8.999999999999988,20.21109225221157,20.41148148148148,0.0,91.0,15.189731622411163,0.166920127718804,0.408558597656204,0.6720190911770144,0.8007601369803504,1.0523772080596954,0.051985388825252,0.0,0.0,0.0,0.0,0.0,0.0,0.0,0.0,0.0
227,227,0.0158739393690825,2023-06-29,281.53,0.044689901505778,0.0141307188148123,0.0003612994713504,0.1110991285705691,0.1265833032664421,7.99999999999997,20.99747938548726,21.105000000000004,0.0,90.0,15.188866435881756,0.1687651826209084,0.4108103974109083,0.6757229721707082,0.8051735833999669,1.058177459853587,0.0158739393690825,0.0,0.0,0.0,0.0,0.0,0.0,0.0,0.0,0.0
228,228,-0.1424794555427746,2023-06-30,286.98,-0.4088875415166546,0.0058446860893006,0.0014972652950479,-0.9887093934097168,1.74939385182497,20.99999999999998,36.084562400452015,35.61911111111112,0.020300395251765486,91.0,15.209166831133523,0.1671337014410277,0.4088198887542382,0.672448876787306,0.8012722581219783,1.0530502493267684,0.0,0.0,0.0,0.0,0.0,0.0,0.0,0.0,0.0,0.0
229,229,-0.0736622080460877,2023-07-03,286.02000000000004,-0.2106886474534203,0.0039261338815906,0.0003498693207333,-0.9995830430083028,1.7446470730561618,10.99999999999998,18.054932227853985,17.83430555555556,0.005426120894225107,92.0,15.214592952027747,0.16537601034812768,0.4066644935916187,0.6689035672365578,0.7970477612307922,1.0474983193061655,0.0,0.0,0.0,0.0,0.0,0.0,0.0,0.0,0.0,0.0
230,230,0.0073677155494834,2023-07-05,294.37,0.0216883442630142,0.017783902324722,0.0016167330818436,-0.0920998178432618,0.4851698321826505,8.999999999999986,19.119883554190547,19.26057692307692,0.0,91.0,12.108658018404764,0.13306217602642598,0.3647768852688256,0.6000045827624889,0.7149495575195977,0.9396029903327362,0.0073677155494834,0.0,0.0,0.0,0.0,0.0,0.0,0.0,0.0,0.0
231,231,0.0856372424062367,2023-07-06,291.99,0.2500521841019706,0.0103753608841808,0.0013852953459898,0.1037750024092668,0.1583191538512922,7.999999999999968,20.837979720803627,21.13344827586207,0.0,90.0,12.082989524497753,0.13425543916108615,0.36640884154327685,0.6026889119595462,0.7181481330418662,0.9438066311265783,0.0856372424062367,0.0,0.0,0.0,0.0,0.0,0.0,0.0,0.0,0.0
232,232,-0.050063001426045,2023-07-07,290.53,-0.1454480380430886,0.012163518835145,0.0003997834507396,-0.1688701274330013,0.4444732469419575,13.999999999999982,27.37603284929434,27.21122807017544,0.002506304111784184,91.0,12.085495828609538,0.13280764646823667,0.3644278343763504,0.5994304451360104,0.7142654303415746,0.9387038948154687,0.0,0.0,0.0,0.0,0.0,0.0,0.0,0.0,0.0,0.0
233,233,-0.0878603348253547,2023-07-10,294.0999999999999,-0.2583972447213681,0.0105030289227727,0.0012591186151644,-0.0693113115532631,0.3346791452093328,10.999999999999975,24.67950864291705,24.48327586206896,0.007719438435623436,92.0,12.093215267045162,0.1314479920330996,0.3625575706465107,0.5963541350566277,0.7105997807894971,0.9338864146947828,0.0,0.0,0.0,0.0,0.0,0.0,0.0,0.0,0.0,0.0
234,234,-0.1750794110249697,2023-07-11,298.29,-0.5222443751463823,0.021073464684768,0.0006809718035927,-0.7559225461952441,0.9485316858937282,10.0,27.6028839917245,26.95070175438596,0.030652800164850287,92.0,12.039355059709873,0.13086255499684646,0.36174929854368265,0.5950246457567273,0.7090155965782459,0.9318044437270774,0.0,0.0,0.0,0.0,0.0,0.0,0.0,0.0,0.0,0.0
235,235,-0.0606957397231139,2023-07-12,309.34,-0.1877562012594807,0.0162638966025077,0.0004199019492024,-0.240547004094438,0.4567848816572142,8.999999999999984,26.824612973874537,26.53116071428571,0.0036839728205359866,92.0,11.700139004221292,0.1271754239589271,0.3566166344394595,0.5865821645889723,0.698955759789227,0.9185835771221458,0.0,0.0,0.0,0.0,0.0,0.0,0.0,0.0,0.0,0.0
236,236,0.0843088262554976,2023-07-13,313.41,0.264232292367355,0.0106212661393009,0.0009841260170435,-0.052900181885855,0.3430831328563306,7.999999999999968,31.483520108404345,31.880400000000005,0.0,91.0,11.13466859924667,0.12235899559611725,0.3497985071382056,0.5753673431684879,0.68559247583676,0.9010212450242492,0.0843088262554976,0.0,0.0,0.0,0.0,0.0,0.0,0.0,0.0,0.0
237,237,0.1439829452753651,2023-07-14,308.8699999999999,0.4447201230720201,0.0139118731501911,0.0017548854747592,0.0248460593629604,0.0517674500444945,13.999999999999986,26.90307671992431,27.425901639344268,0.0,90.0,11.107791994407574,0.12341991104897304,0.35131170070035106,0.5778563250874625,0.688558280720203,0.904918973343565,0.1439829452753651,0.0,0.0,0.0,0.0,0.0,0.0,0.0,0.0,0.0
238,238,0.131325070694355,2023-07-17,310.6199999999999,0.4079219345908055,0.0093269644960034,0.0008990269792774,-0.4938925202226149,1.999798538261441,10.999999999999975,27.97240720625056,28.46163934426229,0.0,90.0,11.107791994407574,0.12341991104897304,0.35131170070035106,0.5778563250874625,0.688558280720203,0.904918973343565,0.131325070694355,0.0,0.0,0.0,0.0,0.0,0.0,0.0,0.0,0.0
239,239,0.1562919097839812,2023-07-18,312.05,0.4877089044809135,0.0071401944139031,0.0016482402814014,0.0083605740365764,1.999810009556624,30.99999999999997,55.62475897010884,56.31136363636364,0.0,90.0,11.107791994407574,0.12341991104897304,0.35131170070035106,0.5778563250874625,0.688558280720203,0.904918973343565,0.1562919097839812,0.0,0.0,0.0,0.0,0.0,0.0,0.0,0.0,0.0
240,240,-0.0176802886804426,2023-07-19,316.01,-0.0558714802590668,0.0163116183748457,0.0007179443773085,0.396816390103747,0.377745055724465,8.999999999999984,26.487704333341185,26.45267123287671,0.00031259260782378674,91.0,11.108104587015397,0.12206708337379557,0.3493810003045323,0.5746806055388434,0.6847741774794609,0.8999458186876416,0.0,0.0,0.0,0.0,0.0,0.0,0.0,0.0,0.0,0.0
241,241,0.1255117073945748,2023-07-20,302.52,0.3796980172100676,0.0218818220257822,0.0006953206720164,0.9889332822663016,0.1295926239702657,7.999999999999968,22.75627770802135,23.1903125,0.0,90.0,11.104715504252278,0.12338572782502531,0.3512630464837218,0.5777762960227734,0.6884629202079137,0.9047936483866301,0.1255117073945748,0.0,0.0,0.0,0.0,0.0,0.0,0.0,0.0,0.0
242,242,0.5384038730889803,2023-07-21,294.26000000000005,1.5843072369516338,0.0121287631609518,0.0011888259500879,-0.0698881453053892,0.052533298585671,27.99999999999997,40.35569276304836,41.940000000000005,0.0,90.0,11.104715504252278,0.12338572782502531,0.3512630464837218,0.5777762960227734,0.6884629202079137,0.9047936483866301,0.5384038730889803,0.0,0.0,0.0,0.0,0.0,0.0,0.0,0.0,0.0
243,243,0.2158627757140873,2023-07-24,291.61000000000007,0.6294774402598502,0.008586804385198,0.0027078536700367,-0.9998026424259754,1.4044092547639482,25.0,30.868751045950724,31.49836206896552,0.0,89.0,10.919439978787668,0.12269033684031089,0.3502718042325287,0.5761458476107109,0.6865201210956207,0.9022403775490911,0.2158627757140873,0.0,0.0,0.0,0.0,0.0,0.0,0.0,0.0,0.0
244,244,-0.1863267249578826,2023-07-25,294.47,-0.5486763069834768,0.0133861311768885,0.0009056966842369,0.0194788970862579,0.0384195770507977,23.99999999999998,30.94472960881928,30.312403846153845,0.03471764843353043,89.0,10.918470507289829,0.12267944390213291,0.35025625462243054,0.5761202707781432,0.6864896444198547,0.9022003244077416,0.0,0.0,0.0,0.0,0.0,0.0,0.0,0.0,0.0,0.0
245,245,-0.0517543778517036,2023-07-26,298.57,-0.1545230459518316,0.0198426878322986,0.0011343934959057,-0.7562279924402896,0.6184607005083579,22.99999999999997,32.649283367791995,32.54790909090909,0.002678515626816908,89.0,10.780202133682057,0.1211258666705849,0.34803141621207834,0.5724607372494944,0.682129041264143,0.8964695204346952,0.0,0.0,0.0,0.0,0.0,0.0,0.0,0.0,0.0,0.0
246,246,-0.0614067225253048,2023-07-27,311.7099999999999,-0.1914108947836276,0.0248319506633805,0.0003372371896838,-0.1501551577014143,0.7094944667165367,7.999999999999968,22.37873820033111,22.097058823529416,0.0037707855712997753,89.0,10.63215113491989,0.11946237230247068,0.34563329165818313,0.5685161733791385,0.6774288035080672,0.8902923609352118,0.0,0.0,0.0,0.0,0.0,0.0,0.0,0.0,0.0,0.0
247,247,0.0484346479249363,2023-07-28,325.48,0.1576450920660828,0.0099252605027502,0.0012195051265688,-0.9999488361611528,1.9998333152650916,20.99999999999997,43.896859014166736,44.25698113207547,0.0,88.0,10.09209338554656,0.11468287938121091,0.3386486075288232,0.5570273903558505,0.6637390741711333,0.8723010068787735,0.0484346479249363,0.0,0.0,0.0,0.0,0.0,0.0,0.0,0.0,0.0
248,248,-0.0104263633813801,2023-07-31,318.6,-0.0332183937330771,0.0076794483683393,0.0008883758196994,-0.0906683908626843,0.639497594821769,17.999999999999975,41.4447398144193,41.38675925925927,0.00010870905336058387,88.0,10.039830303851723,0.11408898072558776,0.33777060370255396,0.5555832025777342,0.6620182182933572,0.8700394188944413,0.0,0.0,0.0,0.0,0.0,0.0,0.0,0.0,0.0,0.0
249,249,0.1012921896797742,2023-08-01,322.71,0.3268800253155994,0.0126337218288466,0.0003237773982891,-0.3882102460008759,0.4436492694596541,16.99999999999999,36.08797624826664,36.53458333333333,0.0,87.0,9.673009795683008,0.11118402064003458,0.3334426796917794,0.5484644010714413,0.6535356431044128,0.8588914254039551,0.1012921896797742,0.0,0.0,0.0,0.0,0.0,0.0,0.0,0.0,0.0
250,250,-0.0928102847712641,2023-08-02,314.30999999999995,-0.2917120060645601,0.0132174207878854,0.0010204641603653,-0.6022138804704715,4.464822691152559e-05,15.999999999999972,33.806773384410775,33.45166666666667,0.008613748959323137,88.0,9.681623544642331,0.11001844937093558,0.33169029134259503,0.5455819787394579,0.650101025053084,0.8543775721429284,0.0,0.0,0.0,0.0,0.0,0.0,0.0,0.0,0.0,0.0
251,251,-0.1544231518712915,2023-08-03,313.1900000000001,-0.4836378693456982,0.024495719155406,0.0010962707646845,-0.6199074366496381,0.0180353215490485,7.99999999999997,25.11925499152481,24.460897435897436,0.023846509833863955,88.0,9.700950669659994,0.11023807579159084,0.3320211978045842,0.5461262714336426,0.6507495898008343,0.8552299307044539,0.0,0.0,0.0,0.0,0.0,0.0,0.0,0.0,0.0,0.0
252,252,0.1508862962926453,2023-08-04,310.73,0.4688489884701369,0.0072934009046023,0.0005682819193531,-0.4437597416536797,0.3453263732677815,13.999999999999982,32.74004679409676,33.2565625,0.0,87.0,9.695976778803082,0.11144800895175956,0.33383829761092354,0.5491151346406326,0.6543110399775741,0.8599104696330957,0.1508862962926453,0.0,0.0,0.0,0.0,0.0,0.0,0.0,0.0,0.0
253,253,-0.0082466761286038,2023-08-07,316.55999999999995,-0.0261056779527082,0.0067889157425041,0.0007366905252082,-0.5582777961920288,8.63555990663345e-05,10.99999999999998,30.155197893258958,30.064069767441858,6.800766717008375e-05,88.0,9.696044786470251,0.11018232711898013,0.3319372337038738,0.5459881627780553,0.6505850231874476,0.8550136535133979,0.0,0.0,0.0,0.0,0.0,0.0,0.0,0.0,0.0,0.0
254,254,0.0598768152942359,2023-08-08,312.64,0.187198875335899,0.0192862073701622,0.0004031560012986,-0.999564373056822,7.573745240285756e-05,10.0,23.974839966878275,24.30865853658537,0.0,88.0,9.696044786470251,0.11018232711898013,0.3319372337038738,0.5459881627780553,0.6505850231874476,0.8550136535133979,0.0598768152942359,0.0,0.0,0.0,0.0,0.0,0.0,0.0,0.0,0.0
255,255,-0.0114225055820206,2023-08-09,305.2099999999999,-0.0348626292868852,0.0191305126067492,0.0006925454662744,-0.5232215495441913,0.3608142192781354,8.999999999999984,19.05815122897505,19.041976744186044,0.00013047363377129175,88.0,9.664928921617804,0.10982873774565687,0.33140419089935613,0.545111385387724,0.6495402784883748,0.8536406262374754,0.0,0.0,0.0,0.0,0.0,0.0,0.0,0.0,0.0,0.0
256,256,0.0105536099014589,2023-08-10,305.74,0.0322666069127204,0.0197649218170204,0.0005814074826785,-0.5901913107772622,4.425330718638154e-05,7.999999999999968,24.6198149603376,24.666395348837213,0.0,87.0,9.560139036251774,0.10988665558910085,0.3314915618671173,0.5452550978409363,0.6497115224384811,0.853865678936514,0.0105536099014589,0.0,0.0,0.0,0.0,0.0,0.0,0.0,0.0,0.0
257,257,-0.0313441592875448,2023-08-11,301.6399999999999,-0.0945465220749503,0.0164594255175336,0.0005820590919267,-0.2801250362427138,0.0059767855528324,13.999999999999991,19.77008442625697,19.69868421052632,0.0009824563214429808,87.0,9.527435209230973,0.10951074953139049,0.3309240842419761,0.5443216802110089,0.6485992867311721,0.852403953440567,0.0,0.0,0.0,0.0,0.0,0.0,0.0,0.0,0.0,0.0
258,258,0.0219487328862132,2023-08-14,306.19000000000005,0.0672048252242964,0.0121192724009181,0.0006988430764838,-0.5084235580830492,0.7473819417230115,10.99999999999998,19.293743436210026,19.464428571428574,0.0,87.0,9.527435209230973,0.10951074953139049,0.3309240842419761,0.5443216802110089,0.6485992867311721,0.852403953440567,0.0219487328862132,0.0,0.0,0.0,0.0,0.0,0.0,0.0,0.0,0.0
259,259,0.0537401399697825,2023-08-15,301.9500000000001,0.1622683526387583,0.0254429175023298,0.0004832788675222,-0.7754635723898033,0.3516409637100042,10.0,18.489988360709614,18.74405405405405,0.0,86.0,9.458738111709817,0.1099853268803467,0.3316403577376353,0.5454998452682331,0.6500031569857446,0.8542489517000412,0.0537401399697825,0.0,0.0,0.0,0.0,0.0,0.0,0.0,0.0,0.0
260,260,0.1639172843586666,2023-08-16,294.29000000000013,0.4823921761391204,0.0277113678233602,0.0005208553711303,-0.6003801791715985,0.1625125912073064,8.999999999999988,15.024055192281931,15.506447368421052,0.0,86.0,9.458738111709817,0.1099853268803467,0.3316403577376353,0.5454998452682331,0.6500031569857446,0.8542489517000412,0.1639172843586666,0.0,0.0,0.0,0.0,0.0,0.0,0.0,0.0,0.0
261,261,0.0638001481740579,2023-08-17,285.09,0.1818878424294217,0.0147479416726894,0.0003155349078956,-0.5476868084596266,0.3880665553220166,7.99999999999997,18.077227538932043,18.40421052631579,0.0,86.0,9.458738111709817,0.1099853268803467,0.3316403577376353,0.5454998452682331,0.6500031569857446,0.8542489517000412,0.0638001481740579,0.0,0.0,0.0,0.0,0.0,0.0,0.0,0.0,0.0
262,262,0.0011633409763757,2023-08-18,283.25,0.0032951633155843,0.0129304648793018,0.0007803893189099,-0.7056910887659362,0.0190928382874773,13.999999999999988,20.283060130018654,20.31638888888889,0.0,86.0,9.458738111709817,0.1099853268803467,0.3316403577376353,0.5454998452682331,0.6500031569857446,0.8542489517000412,0.0011633409763757,0.0,0.0,0.0,0.0,0.0,0.0,0.0,0.0,0.0
263,263,0.0259551434800614,2023-08-21,289.8999999999999,0.0752439609486982,0.0060091653350002,0.0005849656363102,-0.2408837358649613,0.1017254749636745,10.999999999999982,18.324629320524043,18.47025641025641,0.0,86.0,9.458738111709817,0.1099853268803467,0.3316403577376353,0.5454998452682331,0.6500031569857446,0.8542489517000412,0.0259551434800614,0.0,0.0,0.0,0.0,0.0,0.0,0.0,0.0,0.0
264,264,-0.0097360729966295,2023-08-22,287.6000000000001,-0.0280009459383066,0.0117410583008997,0.0004591826991674,-0.5188010506003773,0.0199776593904734,10.0,14.31118894789254,14.377083333333331,9.479111739569812e-05,86.0,9.456369542448757,0.10995778537731113,0.33159883199026974,0.5454315414920671,0.649921768016477,0.8541419884631253,0.0,0.0,0.0,0.0,0.0,0.0,0.0,0.0,0.0,0.0
265,265,0.0273718859379205,2023-08-23,294.23999999999995,0.0805390371837374,0.0121692451433912,0.0006414062171887,-0.4634118902916276,0.2185943980458794,8.999999999999988,19.722527194934266,20.06923076923077,0.0,85.0,9.453286005946598,0.11121512948172468,0.3334893243894393,0.5485411247715652,0.653627065031896,0.8590115741830427,0.0273718859379205,0.0,0.0,0.0,0.0,0.0,0.0,0.0,0.0,0.0
266,266,0.0234646452199824,2023-08-24,286.75,0.0672848701682997,0.0424991836111918,0.0007989226927491,-0.8458883246593891,0.3276295898646054,7.99999999999997,16.519443987497638,16.576081081081078,0.0,84.0,8.229741958452596,0.0979731185530071,0.31300657908901386,0.5148500068742373,0.6134816219385552,0.8062515186210784,0.0234646452199824,0.0,0.0,0.0,0.0,0.0,0.0,0.0,0.0,0.0
267,267,0.5147720280810666,2023-08-25,285.5,1.4696741401714453,0.0116557217525978,0.0010962151039628,-0.619188282950604,0.6520084887438221,55.99999999999999,59.77214404164674,61.2418181818182,0.0,84.0,8.229741958452596,0.0979731185530071,0.31300657908901386,0.5148500068742373,0.6134816219385552,0.8062515186210784,0.5147720280810666,0.0,0.0,0.0,0.0,0.0,0.0,0.0,0.0,0.0
268,268,-0.0222325680748582,2023-08-28,290.26000000000005,-0.0645322520940835,0.0123092558736407,0.0005047511223243,-0.999983146806116,0.5476423113814796,10.99999999999998,18.70538449591445,18.649736842105263,0.000494287083203204,84.0,8.218431661499315,0.09783847216070612,0.31279141957653844,0.5144961009697689,0.6130599170431722,0.8056973044439069,0.0,0.0,0.0,0.0,0.0,0.0,0.0,0.0,0.0,0.0
269,269,-0.0093104947860826,2023-08-29,297.98999999999995,-0.0277443434130477,0.0087856378761029,0.0005155969298035,0.1363069553756661,0.3572257911889989,10.000000000000002,21.88091251737802,21.852894736842103,8.668531316167129e-05,84.0,8.023406391311077,0.0955167427537033,0.30905783075939575,0.5083548938623463,0.605742217428491,0.7960802169613083,0.0,0.0,0.0,0.0,0.0,0.0,0.0,0.0,0.0,0.0
270,270,-0.0770492453054563,2023-08-30,295.1000000000001,-0.2273723228964018,0.0220123254665404,0.0006379430320353,-0.9999787362181912,0.4949733505420661,8.999999999999988,19.339261980847176,18.90791666666667,0.00593658620214038,85.0,8.029342977513217,0.09446285855897903,0.3073481064834775,0.5055426476860152,0.6023912194241974,0.7916762590704091,0.0,0.0,0.0,0.0,0.0,0.0,0.0,0.0,0.0,0.0
271,271,0.0432842104762321,2023-08-31,295.89,0.1280736503781233,0.0497597082000112,0.0006860873577566,-0.1070921574550043,0.1436266022124773,7.99999999999997,21.473480968938325,21.649125,0.0,84.0,8.029111367396073,0.09558465913566754,0.3091676877289532,0.5085355924971688,0.6059575331322743,0.7963631897626935,0.0432842104762321,0.0,0.0,0.0,0.0,0.0,0.0,0.0,0.0,0.0
272,272,0.2496011281781988,2023-09-01,296.38,0.7397678236945456,0.0070755667237462,0.0021092986041909,-0.5726950194806805,0.8378641570190055,48.99999999999998,35.43041074773402,36.17017857142857,0.0,84.0,8.029111367396073,0.09558465913566754,0.3091676877289532,0.5085355924971688,0.6059575331322743,0.7963631897626935,0.2496011281781988,0.0,0.0,0.0,0.0,0.0,0.0,0.0,0.0,0.0
273,273,-0.0898167534550399,2023-09-05,300.1499999999999,-0.2695849854953024,0.0488093224039265,0.0029724009949338,-0.9999761437440884,1.7529070679351888,45.0,42.50955445583174,42.41569444444444,0.00806704920120342,85.0,8.037178416597277,0.09455504019526208,0.30749803283153226,0.5057892545833887,0.6026850696667183,0.7920624437511027,0.0,0.0,0.0,0.0,0.0,0.0,0.0,0.0,0.0,0.0
274,274,0.0882279296314979,2023-09-06,299.17,0.2639514970785525,0.0112057750994402,0.0011418099485978,-0.9999796680974112,1.264957161993724,43.99999999999998,43.90387194766543,44.1789393939394,0.0,85.0,8.037178416597277,0.09455504019526208,0.30749803283153226,0.5057892545833887,0.6026850696667183,0.7920624437511027,0.0882279296314979,0.0,0.0,0.0,0.0,0.0,0.0,0.0,0.0,0.0
275,275,-0.1687535547215118,2023-09-07,298.67,-0.5040162418867394,0.0120495416011892,0.0012893264057727,-0.2108104367282044,0.6818578941704049,43.0,45.27432382722088,44.72557142857143,0.028477762231146276,86.0,8.065656178828423,0.09378669975381887,0.30624614243091924,0.5037300781173947,0.6002314095689254,0.788837787772372,0.0,0.0,0.0,0.0,0.0,0.0,0.0,0.0,0.0,0.0
276,276,0.0279533079898656,2023-09-08,297.89,0.0832701091710107,0.0163129195239624,0.0027483497743853,-0.9999763054722326,1.999818207351393,41.99999999999999,43.82258935544615,43.98234375,0.0,86.0,8.065656178828423,0.09378669975381887,0.30624614243091924,0.5037300781173947,0.6002314095689254,0.788837787772372,0.0279533079898656,0.0,0.0,0.0,0.0,0.0,0.0,0.0,0.0,0.0
277,277,0.1719582057930105,2023-09-11,307.56,0.5288746577369832,0.0234953261536824,0.0004586598470042,-0.3157826550253116,0.3057521210985983,10.999999999999975,20.862875342263017,21.39175,0.0,85.0,7.999503022178165,0.09411180026091959,0.3067764662762116,0.5046023832177826,0.6012708252058412,0.7902038114734468,0.1719582057930105,0.0,0.0,0.0,0.0,0.0,0.0,0.0,0.0,0.0
278,278,0.1315393254517607,2023-09-12,301.66,0.3968015291577815,0.0222231686667675,0.0009550365044352,-0.9999363516424424,0.8788318717255907,10.000000000000002,22.54688743606013,22.96128205128205,0.0,84.0,7.99368185186225,0.0951628791888363,0.30848481192570293,0.5074123617554352,0.6046191211519899,0.7946042182579969,0.1315393254517607,0.0,0.0,0.0,0.0,0.0,0.0,0.0,0.0,0.0
279,279,-0.3096047589706228,2023-09-13,305.05999999999995,-0.9444802777157816,0.0195681032288836,0.0007045517440508,-0.9999838250828657,1.0298239565624625,8.999999999999984,23.414123134858635,22.46964285714286,0.09585510677725743,84.0,7.989783578384083,0.09511647117123909,0.3084095834620563,0.5072886219441561,0.6044716760726303,0.794410442576875,0.0,0.0,0.0,0.0,0.0,0.0,0.0,0.0,0.0,0.0
280,280,0.1181445463565102,2023-09-14,311.72,0.3682801799025137,0.0243406938879335,0.0006517093792382,-0.4112224486523141,0.3239728272076398,7.99999999999997,25.062954053032435,25.473375,0.0,83.0,7.580616727032439,0.09133273165099323,0.3022130567182583,0.4970962424551182,0.5923267068255469,0.7784492474099757,0.1181445463565102,0.0,0.0,0.0,0.0,0.0,0.0,0.0,0.0,0.0
281,281,0.1022175450824861,2023-09-15,300.31,0.3069695096372142,0.0275074960379075,0.0018701088161032,-0.9999640211209436,1.893271623041308,35.0,45.4031211847046,45.74536585365853,0.0,82.0,7.35563802116936,0.08970290269718732,0.2995044285101429,0.49264094552293647,0.5870178930901315,0.7714722834990928,0.1022175450824861,0.0,0.0,0.0,0.0,0.0,0.0,0.0,0.0,0.0
282,282,0.1173541070193946,2023-09-18,302.5499999999999,0.3550548507871783,0.0139442508965713,0.0021390026127434,-0.9999813715922852,0.4231451129940564,32.0,37.658214909754655,38.060512820512834,0.0,82.0,7.35563802116936,0.08970290269718732,0.2995044285101429,0.49264094552293647,0.5870178930901315,0.7714722834990928,0.1173541070193946,0.0,0.0,0.0,0.0,0.0,0.0,0.0,0.0,0.0
283,283,-0.0113143190092396,2023-09-19,305.06999999999994,-0.0345165930014873,0.0068387819868477,0.0003864312425282,-0.5778457373113144,0.0113932957118573,10.0,20.57889500480037,20.62945945945945,0.00012801381464284058,83.0,7.355766034984003,0.08862368716848197,0.29769730796310867,0.4896684967368087,0.583476001902222,0.7668174494389968,0.0,0.0,0.0,0.0,0.0,0.0,0.0,0.0,0.0,0.0
284,284,0.0289138736247345,2023-09-20,299.67,0.0866462050912421,0.0105706565569654,0.0004558605488884,-0.9999782759519164,0.2890708526901159,8.999999999999988,17.043756321181142,17.16486111111111,0.0,83.0,7.355766034984003,0.08862368716848197,0.29769730796310867,0.4896684967368087,0.583476001902222,0.7668174494389968,0.0289138736247345,0.0,0.0,0.0,0.0,0.0,0.0,0.0,0.0,0.0
285,285,-0.2666744570078016,2023-09-21,295.73,-0.7886363717091718,0.0144417624681878,0.000907320597083,-0.643039093866441,0.2275378877611339,7.99999999999997,20.20413637170917,19.4155,0.07111526602040584,83.0,7.285927072548928,0.08778225388613166,0.2962807011705819,0.48733838591615697,0.5806995036086148,0.7631685121511999,0.0,0.0,0.0,0.0,0.0,0.0,0.0,0.0,0.0,0.0
286,286,-0.0278151976937841,2023-09-22,299.08,-0.0831896932625694,0.0030918697659357,0.0007740416452623,-0.1770732261927304,0.2841645601312076,27.99999999999997,37.57989134525635,37.41391891891891,0.0007736852227442923,84.0,7.286700757771673,0.08674643759251992,0.294527481896885,0.4844545968349753,0.5772632569751673,0.7586525185704647,0.0,0.0,0.0,0.0,0.0,0.0,0.0,0.0,0.0,0.0
287,287,0.0211479711580894,2023-09-25,300.83,0.0636194416348803,0.014522516884459,0.0004203068257569,-0.9889274222759354,0.0602966990874834,10.999999999999975,22.889047692755504,23.069875000000003,0.0,83.0,7.2866273250999924,0.08779069066385534,0.2962949386402936,0.48736180446985083,0.5807274085364806,0.7632051854428916,0.0211479711580894,0.0,0.0,0.0,0.0,0.0,0.0,0.0,0.0,0.0
288,288,0.0016352559936378,2023-09-26,298.96,0.0048887613185796,0.0138229174089176,0.0005103191338416,-0.9108508621303404,0.0367852765453865,10.0,21.59550941591327,21.609625,0.0,82.0,7.2791593178936305,0.08877023558406866,0.2979433429094677,0.4900731882106842,0.5839582215360241,0.7674511934635254,0.0016352559936378,0.0,0.0,0.0,0.0,0.0,0.0,0.0,0.0,0.0
289,289,0.0004052840703737,2023-09-27,297.74,0.0012066927911308,0.0136515309397878,0.0006676450429826,-0.9999780888269536,0.0030086279033794,8.999999999999984,23.57426855172253,23.623125,0.0,81.0,7.2757388857776,0.08982393686145185,0.2997064177848914,0.4929731883141118,0.5874137847939018,0.7719925733919926,0.0004052840703737,0.0,0.0,0.0,0.0,0.0,0.0,0.0,0.0,0.0
290,290,-0.0115531163220719,2023-09-28,303.95999999999987,-0.0351168523725698,0.008573077278387,0.000274245721323,-0.9999446434645524,0.8575258944344674,7.99999999999997,22.717656172509155,22.68445945945946,0.00013347449675132417,81.0,7.275686700156631,0.0898232925945263,0.2997053429529182,0.4929714203728423,0.587411678161945,0.7719898048082996,0.0,0.0,0.0,0.0,0.0,0.0,0.0,0.0,0.0,0.0
291,291,0.0540722210467368,2023-09-29,300.20999999999987,0.1623302148044085,0.0141426055525858,0.0008409956341954,-0.9999841484274492,0.3568285817904305,20.99999999999997,36.15537875825957,36.52391304347826,0.0,81.0,7.275686700156631,0.0898232925945263,0.2997053429529182,0.4929714203728423,0.587411678161945,0.7719898048082996,0.0540722210467368,0.0,0.0,0.0,0.0,0.0,0.0,0.0,0.0,0.0
292,292,0.1769883996106567,2023-10-02,306.82,0.543035807685417,0.0102704657325142,0.0005339040000513,-0.846390743541783,1.1985322313283189,17.999999999999968,28.501110533778,29.044146341463417,0.0,80.0,7.261477087218745,0.09076846359023431,0.3012780502961248,0.49555829375044896,0.5904941279128516,0.7760408304688378,0.1769883996106567,0.0,0.0,0.0,0.0,0.0,0.0,0.0,0.0,0.0
293,293,0.2526953110072942,2023-10-03,300.94000000000005,0.7604612689453515,0.009760116798571,0.0003212119240498,-0.999984327935321,0.0684045418632511,16.99999999999999,26.77670089321681,27.53716216216216,0.0,80.0,7.261477087218745,0.09076846359023431,0.3012780502961248,0.49555829375044896,0.5904941279128516,0.7760408304688378,0.2526953110072942,0.0,0.0,0.0,0.0,0.0,0.0,0.0,0.0,0.0
294,294,-0.0064749893202778,2023-10-04,305.58,-0.019786272364905,0.0075288473755995,0.0008068118087737,-0.1537416256507882,0.2301857515819103,8.999999999999988,21.86699263454876,21.94620689655172,4.1925486697711574e-05,81.0,7.261519012705443,0.0896483828729067,0.29941339795157246,0.49249121357850845,0.5868394764738408,0.7712378043188086,0.0,0.0,0.0,0.0,0.0,0.0,0.0,0.0,0.0,0.0
295,295,0.0355159765265571,2023-10-05,304.7900000000002,0.1082491448552936,0.0089961226336285,0.0003395262033958,-0.9999718868171116,0.2329864548457242,7.99999999999997,23.222308505342024,23.443225806451625,0.0,81.0,7.261519012705443,0.0896483828729067,0.29941339795157246,0.49249121357850845,0.5868394764738408,0.7712378043188086,0.0355159765265571,0.0,0.0,0.0,0.0,0.0,0.0,0.0,0.0,0.0
296,296,-0.0365335816536676,2023-10-06,315.43,-0.1152378766101638,0.0128206967587997,0.000323823733835,-0.999981596171256,0.4206556466772964,13.999999999999986,36.9975114219208,36.74178571428571,0.001334702588445198,81.0,5.6903241263727455,0.07025091514040427,0.26504889198109144,0.43596663129456725,0.5194862824251864,0.6827207028380625,0.0,0.0,0.0,0.0,0.0,0.0,0.0,0.0,0.0,0.0
297,297,0.1175001748675416,2023-10-10,321.84,0.3781625627936962,0.0095230547704633,0.0005315209096468,-0.6227531640924184,0.0980501281086063,10.0,36.4254086281997,36.84256097560975,0.0,81.0,5.6903241263727455,0.07025091514040427,0.26504889198109144,0.43596663129456725,0.5194862824251864,0.6827207028380625,0.1175001748675416,0.0,0.0,0.0,0.0,0.0,0.0,0.0,0.0,0.0
298,298,-0.0507215535016378,2023-10-11,327.81999999999994,-0.1662753966890691,0.0113428909590059,0.0002940806872201,-0.6104940549773602,0.2322861266265613,8.999999999999988,34.73477563561633,34.46815789473685,0.002572675989619506,81.0,5.672533715026997,0.07003128043243206,0.26463423896471155,0.4352845877766484,0.5186735774470009,0.6816526274476662,0.0,0.0,0.0,0.0,0.0,0.0,0.0,0.0,0.0,0.0
299,299,-0.1098093596360468,2023-10-12,324.16,-0.3559580201962094,0.007805661441207,0.0005037349107984,-0.2453064407633193,0.3326451096858772,7.99999999999997,31.854969224982312,31.483243243243237,0.012058095463678663,81.0,5.559262073123198,0.06863286510028639,0.2619787493295714,0.43091669601895605,0.5134689134008067,0.6748125394302018,0.0,0.0,0.0,0.0,0.0,0.0,0.0,0.0,0.0,0.0
300,300,1.014846121596748,2023-10-13,314.69000000000005,3.1936192600528077,0.0096524291627681,0.0009614677257345,-0.9999682145418638,1.1225048040659784,98.00000000000006,70.38019652942087,73.57381578947368,0.0,80.0,4.065643353928902,0.05082054192411127,0.2254341188110426,0.37080612796495255,0.44184275375616705,0.580679809253208,1.014846121596748,1.014846121596748,527.34,1.014846121596748,1.014846121596748,527.34,1.014846121596748,1.014846121596748,527.34,1.014846121596748
301,301,-0.1815077928555903,2023-10-16,321.1499999999999,-0.5829122767557282,0.0071558240740033,0.0013047811274646,-0.9999629113056572,0.2761759588544835,32.0,60.33855860160597,59.70828571428572,0.032945078867307874,80.0,4.075463002573182,0.050943287532164774,0.22570619737208097,0.37125365737289223,0.44237601793676773,0.581380637183598,0.0,0.0,0.0,0.0,0.0,0.0,0.0,0.0,0.0,0.0
302,302,-0.0715831672044973,2023-10-17,324.0,-0.2319294617425714,0.023292177500213,0.0008749137950059,-0.8778100656519757,0.0499247073865717,10.000000000000004,23.17613866432808,22.894555555555552,0.005124149827027018,81.0,4.080587152400209,0.050377619165434685,0.22444959159115146,0.3691867247964821,0.43991311586338105,0.5781438351900708,0.0,0.0,0.0,0.0,0.0,0.0,0.0,0.0,0.0,0.0
303,303,-0.1074903381671647,2023-10-18,316.9699999999999,-0.3407121248884618,0.0146180119206214,0.0021048595088199,-0.2705162973013462,0.3705139829975237,29.99999999999999,50.92317008054116,50.52919354838711,0.011554172799291424,81.0,2.827232243060711,0.03490410176618162,0.1868263947256426,0.30730207297474066,0.3661730050237234,0.48123290221070397,0.0,0.0,0.0,0.0,0.0,0.0,0.0,0.0,0.0,0.0
304,304,-0.0220958876575629,2023-10-19,312.81,-0.0691181461816225,0.0094514644374692,0.0016309606567026,-0.9999827785897076,0.3750807003364271,7.99999999999997,25.79661002819537,25.625975609756097,0.0004882282513756406,81.0,2.8034824287655957,0.0346108941822913,0.18604003381608836,0.3060086243805675,0.3646317659621469,0.47920737073670877,0.0,0.0,0.0,0.0,0.0,0.0,0.0,0.0,0.0,0.0
305,305,-0.1028010047602845,2023-10-20,308.6499999999999,-0.3172953011926182,0.0092655609653539,0.0013039583823327,-0.3434661549845628,0.6742073397500019,90.99999999999996,78.14993234097302,77.78012820512821,0.010568046579724037,81.0,2.813614276360039,0.03473597872049431,0.18637590702795873,0.30656108665130827,0.3652900653607846,0.4800725227981215,0.0,0.0,0.0,0.0,0.0,0.0,0.0,0.0,0.0,0.0
306,306,-0.1145886751435403,2023-10-23,314.01,-0.3598198988182311,0.0120476073043817,0.0018250427032079,-0.999973198404272,0.5478957886022409,88.0,69.43971657535783,69.17224999999999,0.013130564471151811,82.0,2.826744840831191,0.034472498058916966,0.18566770871348892,0.3053962040851517,0.3639020221705119,0.47824832482698626,0.0,0.0,0.0,0.0,0.0,0.0,0.0,0.0,0.0,0.0
307,307,0.1336312813021216,2023-10-24,312.55,0.4176645697097811,0.0131426983977744,0.002071134961732,-0.9999839990113836,4.4611371480818285e-05,23.999999999999982,40.4214410216284,41.290625000000006,0.0,81.0,2.7989530050993396,0.03455497537159678,0.1858896860280225,0.30576132427606323,0.3643370897123826,0.47882010049848495,0.1336312813021216,0.0,0.0,0.0,0.0,0.0,0.0,0.0,0.0,0.0
308,308,0.0990780341243451,2023-10-25,299.53,0.2967684356126508,0.0196573899672455,0.0020266624451562,-0.9999831037050104,5.513761361353176e-05,22.999999999999968,31.91097069063301,32.8587,0.0,81.0,2.7989530050993396,0.03455497537159678,0.1858896860280225,0.30576132427606323,0.3643370897123826,0.47882010049848495,0.0990780341243451,0.0,0.0,0.0,0.0,0.0,0.0,0.0,0.0,0.0
309,309,0.1253869537580897,2023-10-26,288.35,0.3615532811614518,0.0275223849207359,0.0008127482139664,-0.7057501384140177,0.0354820740033657,7.999999999999968,15.58813892316044,16.084,0.0,81.0,2.7989530050993396,0.03455497537159678,0.1858896860280225,0.30576132427606323,0.3643370897123826,0.47882010049848495,0.1253869537580897,0.0,0.0,0.0,0.0,0.0,0.0,0.0,0.0,0.0
310,310,-0.1346308162081789,2023-10-27,296.73,-0.3994900209345293,0.0167912103662512,0.0007539618363451,-0.9999835382726832,0.578149026573016,20.99999999999998,30.11687474192541,29.7193137254902,0.018125456672880447,82.0,2.81707846177222,0.0343546153874661,0.1853499808132337,0.3048735881960332,0.3632792869291281,0.4774299119909538,0.0,0.0,0.0,0.0,0.0,0.0,0.0,0.0,0.0,0.0
311,311,0.1533778521738284,2023-10-30,302.66,0.4642134073893093,0.0111778361439632,0.0008409992625538,-0.999977217135838,0.3416889984669837,17.99999999999997,30.59554595168861,31.113000000000007,0.0,81.0,2.7401812393409366,0.033829398016554775,0.18392769779604912,0.3025341408166657,0.36049166343962336,0.4737663537173498,0.1533778521738284,0.0,0.0,0.0,0.0,0.0,0.0,0.0,0.0,0.0
312,312,-0.1573495550522785,2023-10-31,301.27000000000004,-0.4740470045059995,0.0092382859353041,0.0008545913516629,-0.9999818897183044,5.450437552279032e-05,16.99999999999999,27.71900540367665,27.232179487179483,0.02475888247515002,82.0,2.7649401218160867,0.03371878197336691,0.1836267463453157,0.3020391197313905,0.35990180943509076,0.47299115415160514,0.0,0.0,0.0,0.0,0.0,0.0,0.0,0.0,0.0,0.0
313,313,-0.0050617814995998,2023-11-01,311.85,-0.015785165606502,0.0101822547399589,0.0008480304568719,-0.9517761662558462,0.0785016644530818,8.999999999999984,23.471021454250117,23.585454545454542,2.5621631949690803e-05,83.0,2.764965743448036,0.03331284028250646,0.18251805467543877,0.3002154842170226,0.3577288136921724,0.4701353536597356,0.0,0.0,0.0,0.0,0.0,0.0,0.0,0.0,0.0,0.0
314,314,-0.1965904783339102,2023-11-02,310.8700000000001,-0.6111408199966271,0.0567694275005054,0.0006814483662005,-0.0105461041740548,0.1287310832952679,7.99999999999997,18.683024279998804,18.020416666666662,0.03864781617155561,84.0,2.803613559619592,0.033376351900233234,0.1826919590464595,0.3005015314524387,0.3580696599961271,0.470583301634626,0.0,0.0,0.0,0.0,0.0,0.0,0.0,0.0,0.0,0.0
315,315,-0.3040682474791922,2023-11-03,314.6,-0.9565987065695388,0.0138755418882263,0.0004420506697635,-0.9659875301095866,0.3855674644569964,13.999999999999986,33.7439850702059,32.78738636363636,0.09245749912506727,85.0,2.896071058744659,0.0340714242205254,0.18458446364882772,0.3036144245116664,0.36177890085734515,0.47545807044650723,0.0,0.0,0.0,0.0,0.0,0.0,0.0,0.0,0.0,0.0
316,316,-0.0113776501008754,2023-11-06,315.79999999999995,-0.0359306190185645,0.0668542206920396,0.0006420547474032,-0.1319511421766413,0.7932283490957843,10.99999999999998,27.659248950398204,27.598194444444445,0.00012945092181795,86.0,2.896200509666477,0.03367675011240089,0.18351226147699476,0.30185080888050175,0.3596774232164069,0.4726962606729711,0.0,0.0,0.0,0.0,0.0,0.0,0.0,0.0,0.0,0.0
317,317,-0.134984791943719,2023-11-07,318.81999999999994,-0.4303585136749648,0.0112135487567703,0.0004511461600068,-0.9999797358047776,0.2651540991356872,10.0,29.76491226457557,29.250540540540545,0.01822089405608911,87.0,2.9144214037225664,0.03349909659451226,0.183027584244868,0.30105358577733726,0.3587274732973119,0.47144781485569603,0.0,0.0,0.0,0.0,0.0,0.0,0.0,0.0,0.0,0.0
318,318,0.0212920964152796,2023-11-08,319.7800000000001,0.0680878659167811,0.0161360564618808,0.000613744927534,-0.6309875132742859,0.0707395777771057,8.999999999999988,21.475146116471272,21.57391891891892,0.0,86.0,2.8755680804738435,0.033436838145044695,0.18285742573120922,0.30077369992898895,0.35839396873887785,0.47100951556996545,0.0212920964152796,0.0,0.0,0.0,0.0,0.0,0.0,0.0,0.0,0.0
319,319,-0.0572266858433657,2023-11-09,320.5499999999999,-0.1834401414709089,0.0149887503129968,0.0004493172431267,-0.2466612781263475,0.4444823858569472,7.99999999999997,24.452977552556764,24.19192307692308,0.0032748935726152725,86.0,2.850271151495388,0.03314268780808591,0.18205133289291212,0.29944779520025633,0.3568140558076198,0.46893315801569885,0.0,0.0,0.0,0.0,0.0,0.0,0.0,0.0,0.0,0.0
320,320,-0.113750135541318,2023-11-10,328.77000000000004,-0.3739763206191913,0.0047980666832345,0.0004963626057607,-0.3626023781006169,0.1499259103242512,13.999999999999986,28.11926435604511,27.652586206896554,0.012939093335668218,87.0,2.863210244831056,0.03291046258426501,0.18141241022671248,0.29839686093541634,0.35556179039296226,0.4672874022894002,0.0,0.0,0.0,0.0,0.0,0.0,0.0,0.0,0.0,0.0
321,321,0.0465436001288266,2023-11-13,329.19,0.1532168772640845,0.0103599865689985,0.0005005002559112,-0.6670339081632428,0.2294468122377206,10.999999999999975,21.94133784315707,22.305,0.0,87.0,2.863210244831056,0.03291046258426501,0.18141241022671248,0.29839686093541634,0.35556179039296226,0.4672874022894002,0.0465436001288266,0.0,0.0,0.0,0.0,0.0,0.0,0.0,0.0,0.0
322,322,-0.1079840410859452,2023-11-14,336.30999999999995,-0.3631611285761423,0.020504604069851,0.0029281808928439,-0.5657875224634669,1.9998392054898029,30.99999999999998,56.99580635224122,56.8381081081081,0.0116605531292511,88.0,2.874870797960307,0.032668986340458034,0.1807456398933541,0.2973001213342482,0.35425494455362005,0.46556991572599865,0.0,0.0,0.0,0.0,0.0,0.0,0.0,0.0,0.0,0.0
323,323,-0.0392725710615898,2023-11-15,332.7099999999998,-0.1306637711790154,0.0065403666963058,0.0002646036550363,0.9999282747984678,1.6410720636561185,8.999999999999988,20.177504714163277,19.982166666666664,0.0015423348377876208,89.0,2.8764131327980946,0.032319248683124656,0.17977555084917599,0.29570446685146595,0.35235360496523405,0.4630711319389529,0.0,0.0,0.0,0.0,0.0,0.0,0.0,0.0,0.0,0.0
324,324,-0.0028728862619318,2023-11-16,334.19,-0.0096008985987501,0.0147050617307186,0.0006363479350985,-0.3194427558600907,0.4002757427917157,7.99999999999997,21.99946408282033,22.16578125,8.253475473996471e-06,89.0,2.8762756323997714,0.03231770373482889,0.17977125391682866,0.29569739902670966,0.3523451831325893,0.4630600637746973,0.0,0.0,0.0,0.0,0.0,0.0,0.0,0.0,0.0,0.0
325,325,-0.6469232093809989,2023-11-17,335.0400000000002,-2.1674515207101,0.003983072341413,0.0005728349165492,-0.3982961508011742,0.7401401042628601,27.99999999999997,46.02193427933079,43.85448275862069,0.4185096388358117,90.0,3.294785271235583,0.03660872523595092,0.1913340671076401,0.3147165342413782,0.3750078805465444,0.49284389682305113,0.0,0.0,0.0,0.0,0.0,0.0,0.0,0.0,0.0,0.0
326,326,0.0568561649431314,2023-11-20,339.97,0.1932939039571639,0.0075882331079429,0.0011715130308053,-0.1478641610671751,0.3137227608050712,25.0,45.53320084664768,45.73292682926829,0.0,89.0,3.2938341617061533,0.03700937260343992,0.19237820199658776,0.31643398330049033,0.37705434732388354,0.4955334100668603,0.0568561649431314,0.0,0.0,0.0,0.0,0.0,0.0,0.0,0.0,0.0
327,327,0.1250194718874722,2023-11-21,336.98,0.4212906163664039,0.003483343033659,0.0020036733001538,-0.9920209031332012,1.715235656396943,23.99999999999998,35.00569295903497,35.428,0.0,89.0,3.2938341617061533,0.03700937260343992,0.19237820199658776,0.31643398330049033,0.37705434732388354,0.4955334100668603,0.1250194718874722,0.0,0.0,0.0,0.0,0.0,0.0,0.0,0.0,0.0
328,328,-0.059474417705565,2023-11-22,341.49,-0.2030991890227339,0.0111505095016273,0.0009609941531361,-0.9999835251690994,0.6554523640410588,8.999999999999984,24.319682867878765,24.15046875,0.003537206361416023,89.0,3.289651863803576,0.03696238049217501,0.19225602849371204,0.31623302577116785,0.376814891658382,0.49521871197803585,0.0,0.0,0.0,0.0,0.0,0.0,0.0,0.0,0.0,0.0
329,329,0.0395575532399124,2023-11-24,338.23,0.1337955123233557,0.0031447549031246,0.0006750648311862,-0.9940653436976448,0.7526588053749037,20.99999999999997,30.202837840498585,30.38411764705883,0.0,89.0,3.289651863803576,0.03696238049217501,0.19225602849371204,0.31623302577116785,0.376814891658382,0.49521871197803585,0.0395575532399124,0.0,0.0,0.0,0.0,0.0,0.0,0.0,0.0,0.0
330,330,-0.0060276946370015,2023-11-27,334.70000000000005,-0.0201746939500441,0.0198578871595883,0.0012186551508248,-0.9999805232373092,1.999824770008984,17.99999999999997,27.53651195348048,27.49971428571429,3.633310263693665e-05,90.0,3.289688196906213,0.0365520910767357,0.19118601171826274,0.31447300479717116,0.3747176973156477,0.49246253141254465,0.0,0.0,0.0,0.0,0.0,0.0,0.0,0.0,0.0,0.0
331,331,-0.0127185817142096,2023-11-28,338.99,-0.0431147201529994,0.003768967192775,0.0007961786147041,-0.8525039956683592,0.1451845444959422,16.99999999999999,39.97691199991443,39.81842857142857,0.00016176232082102684,90.0,3.2833429622002597,0.036481588468891775,0.19100154048826878,0.31416957662544737,0.37435614034867576,0.4919873650126645,0.0,0.0,0.0,0.0,0.0,0.0,0.0,0.0,0.0,0.0
332,332,0.0471171950940237,2023-11-29,332.2000000000001,0.1565233221023469,0.0347358590325599,0.001097141422452,0.3713854956834602,0.4114530362149135,15.999999999999986,30.942563057426582,31.142948717948723,0.0,89.0,2.1502903592046794,0.02416056583376044,0.15543669397462248,0.2556706098455038,0.3046503220662341,0.4003783911865954,0.0471171950940237,0.0,0.0,0.0,0.0,0.0,0.0,0.0,0.0,0.0
333,333,0.0230222412637401,2023-11-30,327.15,0.0753172622943258,0.0054983523159941,0.0008301455997244,-0.9978363006699464,6.779687456692773e-05,15.0,34.56795868425011,34.762249999999995,0.0,89.0,2.1502903592046794,0.02416056583376044,0.15543669397462248,0.2556706098455038,0.3046503220662341,0.4003783911865954,0.0230222412637401,0.0,0.0,0.0,0.0,0.0,0.0,0.0,0.0,0.0
334,334,-0.1031064322302157,2023-12-01,324.81999999999994,-0.3349103131701868,0.0041540470768401,0.0005548798449104,-0.9634990939918896,5.347787703113838e-05,13.999999999999991,30.31368775785121,29.861923076923084,0.010630936367244064,90.0,2.1609212955719235,0.024010236617465815,0.15495236886690636,0.2548739659354533,0.303701062298302,0.3991308523816957,0.0,0.0,0.0,0.0,0.0,0.0,0.0,0.0,0.0,0.0
335,335,0.1490370344603508,2023-12-04,320.02000000000004,0.4769483176800149,0.0118482518684879,0.0009569043059576,-0.9999470155181748,0.154743506590379,10.99999999999998,27.83429194928013,28.31097826086957,0.0,90.0,2.1609212955719235,0.024010236617465815,0.15495236886690636,0.2548739659354533,0.303701062298302,0.3991308523816957,0.1490370344603508,0.0,0.0,0.0,0.0,0.0,0.0,0.0,0.0,0.0
336,336,0.059023942625565,2023-12-05,318.29,0.187867306982911,0.0100791703004557,0.0005092359791304,-0.9999827911402068,0.6986838396422848,10.0,23.6978942432784,23.96939024390244,0.0,89.0,2.140028872296747,0.024045268228053335,0.15506536759719539,0.2550598323068101,0.30392253573996725,0.399421917822438,0.059023942625565,0.0,0.0,0.0,0.0,0.0,0.0,0.0,0.0,0.0
337,337,0.0138757173055503,2023-12-06,317.45000000000005,0.0440484645864696,0.0342813907348997,0.0009144767397502,-0.8496373729915125,0.5107415380822125,8.999999999999988,19.455088108958613,19.48611111111111,0.0,89.0,2.140028872296747,0.024045268228053335,0.15506536759719539,0.2550598323068101,0.30392253573996725,0.399421917822438,0.0138757173055503,0.0,0.0,0.0,0.0,0.0,0.0,0.0,0.0,0.0
338,338,-0.0169053714857927,2023-12-07,326.59,-0.0552112527354505,0.0079613381635864,0.0002471769892198,0.7612121805168941,1.021574204391137,7.99999999999997,28.32015449145728,28.220151515151517,0.0002857915850726529,89.0,2.1383829407573742,0.024026774615251396,0.15500572445961922,0.2549617280756452,0.303805637338393,0.39926828728091374,0.0,0.0,0.0,0.0,0.0,0.0,0.0,0.0,0.0,0.0
339,339,0.1494681395843285,2023-12-08,332.75,0.4973552344668531,0.0263475616961737,0.0019200212019448,-0.6221124280874947,0.5987810158561547,13.999999999999986,20.52976053916915,21.07103448275862,0.0,89.0,2.1383829407573742,0.024026774615251396,0.15500572445961922,0.2549617280756452,0.303805637338393,0.39926828728091374,0.1494681395843285,0.0,0.0,0.0,0.0,0.0,0.0,0.0,0.0,0.0
340,340,-0.3028856238323037,2023-12-11,325.2800000000001,-0.985226357201718,0.0046773929456147,0.0008864444162341,-0.0610523985806274,0.8259654357170693,38.99999999999998,64.65671284368821,63.671486486486494,0.09173970112428378,89.0,2.229668509377083,0.025052455161540258,0.15827967387362238,0.26034689564372393,0.3102224602770452,0.40770142211983984,0.0,0.0,0.0,0.0,0.0,0.0,0.0,0.0,0.0,0.0
341,341,0.1188591156307982,2023-12-12,334.22,0.397250936261254,0.010685721594497,0.0004237204451198,-0.0171588075776223,0.209800102911459,10.0,26.8439943342027,27.329242424242423,0.0,88.0,2.2290238839316654,0.025329816862859834,0.1591534381119674,0.26178410992026624,0.3119350067151805,0.409952089649362,0.1188591156307982,0.0,0.0,0.0,0.0,0.0,0.0,0.0,0.0,0.0
342,342,0.004145800516396,2023-12-13,334.73999999999995,0.0138776526485841,0.0072622620926207,0.0006488524746952,-0.4716785364984127,0.2256189829408166,8.999999999999988,28.154639980978853,28.03383333333333,0.0,88.0,2.2290238839316654,0.025329816862859834,0.1591534381119674,0.26178410992026624,0.3119350067151805,0.409952089649362,0.004145800516396,0.0,0.0,0.0,0.0,0.0,0.0,0.0,0.0,0.0
343,343,-0.0758707343564491,2023-12-14,333.17,-0.2527785256553816,0.0394157734419318,0.0010947482755148,0.9999803228917136,0.9464522209193054,7.99999999999997,22.32288150196611,22.09266666666667,0.005756368331786866,89.0,2.234780252263452,0.02510989047487025,0.1584610061651454,0.26064516072111904,0.3105778650376645,0.4081685031500245,0.0,0.0,0.0,0.0,0.0,0.0,0.0,0.0,0.0,0.0
344,344,-0.0278165448010243,2023-12-15,334.92,-0.0931631718475906,0.0123879821133354,0.0013035641318688,-0.1234936372078197,0.8092173699824852,34.99999999999999,54.04245072360116,54.18025641025641,0.0007737601646673921,89.0,2.235259229676759,0.02511527224355909,0.15847798662135726,0.26067309108610637,0.31061114612028073,0.4082122419067226,0.0,0.0,0.0,0.0,0.0,0.0,0.0,0.0,0.0,0.0
345,345,-0.0708260597456052,2023-12-18,344.6200000000001,-0.244080767095305,0.0078347068701366,0.0005582990460031,-0.9973209345935672,0.983261952196456,10.99999999999998,30.127363750626063,29.827368421052636,0.005016330739088038,89.0,2.2143491556258756,0.024880327591301973,0.15773499165151014,0.25945097311514664,0.30915490273868595,0.406298413691001,0.0,0.0,0.0,0.0,0.0,0.0,0.0,0.0,0.0,0.0
346,346,0.0376908396174586,2023-12-19,350.36000000000007,0.132053625683728,0.0111410628976851,0.000586816921066,-0.1478435678777599,0.1766120954339111,10.0,25.63160943393741,25.841617647058825,0.0,88.0,1.9921434016731319,0.022637993200831045,0.15045927422671906,0.247483482920305,0.29489475862440495,0.3875574075438828,0.0376908396174586,0.0,0.0,0.0,0.0,0.0,0.0,0.0,0.0,0.0
347,347,0.0391551875330208,2023-12-20,349.28,0.1367612390153351,0.0087549436998784,0.0007519138822368,-0.9204754415868168,0.0737525966961548,8.999999999999984,23.202523977963644,23.36609375,0.0,87.0,1.9860444502447439,0.02282809712924993,0.15108969895148355,0.24852043931535378,0.2961303683799069,0.3891812740236129,0.0391551875330208,0.0,0.0,0.0,0.0,0.0,0.0,0.0,0.0,0.0
348,348,-0.0267591110927429,2023-12-21,354.09,-0.0947513364682933,0.0062751499756328,0.0003147638209385,0.9999611496025268,1.763914065125625,7.99999999999997,29.966924937442187,29.829264705882355,0.0007160500264737561,87.0,1.9867439100342386,0.02283613689694527,0.15111630255185995,0.24856419834392285,0.29618251047850375,0.3892498003570423,0.0,0.0,0.0,0.0,0.0,0.0,0.0,0.0,0.0,0.0
349,349,-0.0827561311754301,2023-12-22,353.39,-0.2924518919608526,0.0116971321778331,0.0013776559564135,-0.6757072875332449,1.999826545375796,27.99999999999997,50.665127800736,50.34822222222223,0.006848577247124993,88.0,1.9935924872813635,0.02265446008274277,0.15051398633596402,0.24757347633163476,0.2950019923880433,0.3876983365981349,0.0,0.0,0.0,0.0,0.0,0.0,0.0,0.0,0.0,0.0
350,350,-0.5252923647267678,2023-12-26,354.83,-1.8638948977599896,0.0106134352011777,0.0004564828133131,-0.4093770331940197,0.5888837561205494,23.999999999999982,53.92420739775999,52.0603125,0.2759320684402396,89.0,2.269524555721603,0.025500275906984303,0.15968805812265457,0.26266348158388586,0.3129828426815418,0.41132917953915366,0.0,0.0,0.0,0.0,0.0,0.0,0.0,0.0,0.0,0.0
351,351,-0.0157907638884073,2023-12-27,357.8300000000001,-0.0565040904218879,0.0065095446470235,0.0004429207198806,-0.6533456638004036,0.2196051159218448,22.999999999999968,49.49044487457199,49.451800000000006,0.000249348224179428,90.0,2.2697739039457825,0.025219710043842027,0.1588071473323604,0.26121451227544984,0.31125628925897253,0.4090601037117015,0.0,0.0,0.0,0.0,0.0,0.0,0.0,0.0,0.0,0.0
352,352,-0.0958410062193653,2023-12-28,358.32,-0.34341749348523,0.0117112649571379,0.0004592781337328,-0.2691869442095433,0.0880507471590736,7.99999999999997,23.34253846077685,22.862424242424243,0.009185498473140418,91.0,2.278959402418923,0.02504350991669146,0.15825141363252165,0.26030041168365087,0.31016707122229337,0.4076286285626872,0.0,0.0,0.0,0.0,0.0,0.0,0.0,0.0,0.0,0.0
353,353,-0.0020707210401615,2023-12-29,353.96,-0.0073295241937559,0.0173159070253143,0.0006072633503367,-0.5666811395366951,1.9904725793509184,20.99999999999998,52.08280175625788,52.12375,4.2878856261675256e-06,91.0,2.278942460546229,0.02504332374226625,0.15825082540785135,0.2602994441401685,0.31016591832312473,0.4076271133963444,0.0,0.0,0.0,0.0,0.0,0.0,0.0,0.0,0.0,0.0
354,354,-0.0802090793132533,2024-01-02,346.29000000000013,-0.2777560207538649,0.0052644656368154,0.0003720430501805,-0.6877179247046298,0.2364034749688193,16.99999999999999,39.213860858635,38.83521276595745,0.0064334964042797585,92.0,2.2853759569505088,0.024841043010331618,0.15761041529775757,0.2592460632478443,0.3089107375720056,0.40597752626847583,0.0,0.0,0.0,0.0,0.0,0.0,0.0,0.0,0.0,0.0
355,355,0.1046386889633804,2024-01-03,344.4699999999999,0.3604488918721564,0.0392838356031471,0.0013944698957138,-0.8966796331060435,0.6718395362052488,15.99999999999998,42.54215859820404,43.02893617021276,0.0,92.0,2.2853759569505088,0.024841043010331618,0.15761041529775757,0.2592460632478443,0.3089107375720056,0.40597752626847583,0.1046386889633804,0.0,0.0,0.0,0.0,0.0,0.0,0.0,0.0,0.0
356,356,0.0366962517753763,2024-01-04,347.12,0.1273800291626864,0.009058359204032,0.0007839266053269,-0.9989538686718492,0.8799228567335482,7.99999999999997,20.974515836182512,21.16484375,0.0,92.0,2.2853759569505088,0.024841043010331618,0.15761041529775757,0.2592460632478443,0.3089107375720056,0.40597752626847583,0.0366962517753763,0.0,0.0,0.0,0.0,0.0,0.0,0.0,0.0,0.0
357,357,0.2796678150964625,2024-01-05,351.9500000000001,0.9842908752320004,0.0040423693752812,0.0004502749882441,-0.6625406694596923,0.4262241205748424,13.999999999999991,38.331734765793634,39.31602564102564,0.0,91.0,2.2847671568617245,0.025107331394084883,0.15845293116280584,0.26063187852423314,0.31056203832390383,0.40814770332237205,0.2796678150964625,0.2796678150964625,527.34,0.2796678150964625,0.0,0.0,0.0,0.0,0.0,0.0
358,358,-0.0949644738604938,2024-01-08,358.66,-0.3405995819480473,0.0046886856609965,0.0005342233832475,-0.9999772201982168,0.7618850306074729,10.99999999999998,34.34546733017291,33.90174418604651,0.009018251295600408,92.0,2.293785408157325,0.024932450088666576,0.1579001269431617,0.2597225964985574,0.3094785619628995,0.4067237740142871,0.0,0.0,0.0,0.0,0.0,0.0,0.0,0.0,0.0,0.0
359,359,-0.1647822265719089,2024-01-09,357.43,-0.5889811124359742,0.0067988352325142,0.0007982353193591,-0.0764128863055862,0.1745559367560937,10.0,37.08423111243597,36.49525,0.027153182193995925,92.0,2.3209377324222125,0.025227584048067526,0.15883193648655022,0.261255286805628,0.3113048751083918,0.40912395634147386,0.0,0.0,0.0,0.0,0.0,0.0,0.0,0.0,0.0,0.0
360,360,0.0637303037512337,2024-01-10,370.47,0.2361016563071955,0.005729356065675,0.0009723103591824,-0.8784370898272649,0.9879903040845338,8.999999999999986,39.01346610567899,39.30933333333333,0.0,91.0,2.3186813436051334,0.025480014764891576,0.15962460576268175,0.26255911173944596,0.312858478341261,0.41116573709095633,0.0637303037512337,0.0,0.0,0.0,0.0,0.0,0.0,0.0,0.0,0.0
361,361,-0.1121291224169997,2024-01-11,369.67,-0.4145077268389228,0.006958969480899,0.0004582257119612,-0.9239976015724152,0.2569070347406501,7.99999999999997,32.696614720948915,32.268095238095235,0.012572940094006503,92.0,2.33125428369914,0.025339720474990654,0.15918454848065705,0.26183528192304123,0.311995981917358,0.410032224648677,0.0,0.0,0.0,0.0,0.0,0.0,0.0,0.0,0.0,0.0
362,362,-0.2894154082511106,2024-01-12,374.49,-1.083831762359584,0.0043781009887453,0.0008382893314961,-0.1629688415207387,0.7193194940053483,35.0,49.3529226714505,48.26909090909091,0.08376127853315703,93.0,2.415015562232297,0.025967909271315023,0.1611456151166237,0.2650609494919045,0.31583960189513577,0.415083597555812,0.0,0.0,0.0,0.0,0.0,0.0,0.0,0.0,0.0,0.0
363,363,0.0983148547479704,2024-01-16,367.4599999999998,0.3612677652568919,0.0082173184601863,0.0006621551110191,-0.23998509967257,0.0882295290542561,10.000000000000002,24.396132641906014,24.787692307692307,0.0,92.0,2.410984783660067,0.026206356344131165,0.16188377418423122,0.26627511311152585,0.3172863670825082,0.41698496931283574,0.0983148547479704,0.0,0.0,0.0,0.0,0.0,0.0,0.0,0.0,0.0
364,364,0.0653556219581531,2024-01-17,368.37,0.2407505046072489,0.0166245435991879,0.0006022390107762,0.0880724770552574,0.9498311892405044,8.999999999999984,26.719184185409205,27.0496875,0.0,92.0,2.410984783660067,0.026206356344131165,0.16188377418423122,0.26627511311152585,0.3172863670825082,0.41698496931283574,0.0653556219581531,0.0,0.0,0.0,0.0,0.0,0.0,0.0,0.0,0.0
365,365,-0.0547718003511393,2024-01-18,376.13,-0.2060131726607403,0.0093043990567697,0.0005085004195624,0.999992765918826,1.286969142456677,7.99999999999997,35.615412549200954,35.26411764705882,0.002999950113705063,92.0,2.4139345069112483,0.026238418553383134,0.16198277239689143,0.2664379506806817,0.317480400013856,0.4172399718100049,0.0,0.0,0.0,0.0,0.0,0.0,0.0,0.0,0.0,0.0
366,366,0.1878407041133339,2024-01-19,383.4500000000001,0.7202751799225793,0.0067316111495771,0.0015484680642672,-0.9999779014778029,1.4722455798193297,27.99999999999997,75.4560373368802,76.22844444444443,0.0,92.0,2.4139345069112483,0.026238418553383134,0.16198277239689143,0.2664379506806817,0.317480400013856,0.4172399718100049,0.1878407041133339,0.0,0.0,0.0,0.0,0.0,0.0,0.0,0.0,0.0
367,367,0.3053247607755023,2024-01-22,381.7799999999999,1.1656688716887125,0.0142463791104761,0.0006683696950924,-0.9999785028084828,5.4830134425198906e-05,10.99999999999998,27.07773538363044,28.24340425531915,0.0,92.0,2.4139345069112483,0.026238418553383134,0.16198277239689143,0.2664379506806817,0.317480400013856,0.4172399718100049,0.3053247607755023,0.3053247607755023,527.34,0.3053247607755023,0.0,0.0,0.0,0.0,0.0,0.0
368,368,0.0205857752102913,2024-01-23,385.2,0.0792964061100422,0.0066090243730541,0.0004693357203668,-0.9999512882285672,0.7251342022800884,10.0,38.1023449506095,38.231875,0.0,91.0,2.3250721777098597,0.02555024371109736,0.15984443597165765,0.26292070025599346,0.3132893376335677,0.4117319821850417,0.0205857752102913,0.0,0.0,0.0,0.0,0.0,0.0,0.0,0.0,0.0
369,369,0.467679375881575,2024-01-24,390.7000000000001,1.8272233215693137,0.0075275604939031,0.0021452820493681,-0.9999802372014928,0.4423439487061571,22.99999999999997,53.49094975535376,55.31817307692308,0.0,90.0,2.324685688970251,0.025829840988558346,0.16071664813751668,0.2643553616004779,0.31499884206552903,0.41397865184077326,0.467679375881575,0.467679375881575,527.34,0.467679375881575,0.467679375881575,527.34,0.467679375881575,0.467679375881575,527.34,0.467679375881575
370,370,-0.7484091322485383,2024-01-25,393.18,-2.942595026174803,0.0164064106608728,0.0004825558445461,-0.999961897559288,1.107730113079216,21.99999999999999,69.58239094454215,66.63979591836734,0.5601162292330102,90.0,2.880483503678304,0.03200537226309227,0.17890045350163947,0.2942650598054349,0.350638445681096,0.46081703054771045,0.0,0.0,0.0,0.0,0.0,0.0,0.0,0.0,0.0,0.0
371,371,0.4847782550869186,2024-01-26,394.1399999999999,1.9107050145995803,0.0064753318413351,0.000920561340199,-0.9999513623623392,1.571404762262122,20.99999999999997,58.52259285774086,60.43329787234042,0.0,89.0,2.875714809052261,0.03231140234890181,0.17975372694022734,0.2956685697156775,0.35231083088969284,0.463014917274765,0.4847782550869186,0.4847782550869186,527.34,0.4847782550869186,0.4847782550869186,527.34,0.4847782550869186,0.4847782550869186,527.34,0.4847782550869186
372,372,0.1608649059894581,2024-01-29,401.02,0.6451004459989251,0.0080214000256082,0.0014003818714278,-0.7786525091664207,1.3109553719747773,17.99999999999997,52.38765159825114,53.100744680851065,0.0,89.0,2.875714809052261,0.03231140234890181,0.17975372694022734,0.2956685697156775,0.35231083088969284,0.463014917274765,0.1608649059894581,0.0,0.0,0.0,0.0,0.0,0.0,0.0,0.0,0.0
373,373,0.3290595110174217,2024-01-30,400.06000000000006,1.3164354797762978,0.0083961880242576,0.0014544144372471,-0.9999745229073866,0.9450493928467094,16.99999999999999,46.05094108004486,47.38704545454545,0.0,88.0,2.874900205513553,0.032669320517199466,0.1807465643302784,0.297301641897676,0.3542567564166976,0.4655722969177175,0.3290595110174217,0.3290595110174217,527.34,0.3290595110174217,0.0,0.0,0.0,0.0,0.0,0.0
374,374,-0.2008692045162835,2024-01-31,390.1399999999999,-0.7836711144998282,0.0066799450287334,0.0017922237446499,-0.5809849033856053,1.3789584227246452,15.99999999999998,42.40675463838817,41.57467391304348,0.040348437323004534,88.0,2.892247749593355,0.03286645169992449,0.18129106900210085,0.2981972723820152,0.35532396596288346,0.4669748480073171,0.0,0.0,0.0,0.0,0.0,0.0,0.0,0.0,0.0,0.0
375,375,0.1412739001293512,2024-02-01,394.7799999999999,0.5577211029306528,0.0179733444905818,0.0016211578732946,-0.4319906700402919,1.4518890902246877,15.000000000000002,48.34658243639408,49.31225490196078,0.0,88.0,2.892247749593355,0.03286645169992449,0.18129106900210085,0.2981972723820152,0.35532396596288346,0.4669748480073171,0.1412739001293512,0.0,0.0,0.0,0.0,0.0,0.0,0.0,0.0,0.0
376,376,0.013319543211707,2024-02-02,474.99,0.0632664983012874,0.0177864461976471,0.0014870534878212,-0.0093419852845034,0.1557934861164237,13.999999999999986,74.78200879970758,75.01275000000003,0.0,88.0,2.892247749593355,0.03286645169992449,0.18129106900210085,0.2981972723820152,0.35532396596288346,0.4669748480073171,0.013319543211707,0.0,0.0,0.0,0.0,0.0,0.0,0.0,0.0,0.0
377,377,-0.0403439744309327,2024-02-05,459.41,-0.1853442529331479,0.0271565529499792,0.0011133914546064,0.2915537588129919,1.9997110748459743,10.999999999999975,50.90242804531557,50.74357142857144,0.0016276362728837512,89.0,2.8938753858662385,0.03251545377377796,0.18032041973602977,0.2966006964162204,0.3534215283597639,0.46447462118430294,0.0,0.0,0.0,0.0,0.0,0.0,0.0,0.0,0.0,0.0
378,378,0.1704802961020433,2024-02-06,454.72000000000014,0.7752080024352119,0.010469624879164,0.0005578985512611,-0.9999836077394676,0.9229836194139086,10.000000000000002,58.37791827847244,59.15323529411765,0.0,89.0,2.8938753858662385,0.03251545377377796,0.18032041973602977,0.2966006964162204,0.3534215283597639,0.46447462118430294,0.1704802961020433,0.0,0.0,0.0,0.0,0.0,0.0,0.0,0.0,0.0
379,379,0.0099528652375559,2024-02-07,469.59,0.0467376598690388,0.0688819301379842,0.0006146689774427,-0.4475936344337226,0.9407070664222642,8.999999999999986,67.52818013940988,67.50866666666667,0.0,89.0,2.8938753858662385,0.03251545377377796,0.18032041973602977,0.2966006964162204,0.3534215283597639,0.46447462118430294,0.0099528652375559,0.0,0.0,0.0,0.0,0.0,0.0,0.0,0.0,0.0
380,380,-0.0130327852787386,2024-02-08,470.0,-0.0612540908100716,0.0360677457380977,0.0006531064221655,0.973292304981174,1.853453696323516,7.99999999999997,54.2527858373582,54.028536585365856,0.00016985349212170556,90.0,2.8940452393583604,0.032156058215092896,0.17932110365233897,0.29495696773149066,0.35146290482655834,0.4619005535324245,0.0,0.0,0.0,0.0,0.0,0.0,0.0,0.0,0.0,0.0
381,381,-0.3978585401175334,2024-02-09,468.1099999999999,-1.8624156121441855,0.0010479654054055,0.0015253291722157,-0.0431557746100599,0.4914188350287887,47.999999999999964,34.489688339416915,32.62727272727273,0.15829141794445495,91.0,3.0523366573028152,0.03354216106926171,0.18314519122614634,0.3012470320470477,0.35895797874494795,0.4717507503643747,0.0,0.0,0.0,0.0,0.0,0.0,0.0,0.0,0.0,0.0
382,382,0.1034724142326398,2024-02-12,468.9,0.4851821503368481,0.006965040462601,0.0005556396091752,0.0248946693455155,0.2208101902484133,10.999999999999975,42.263579601770815,42.8645,0.0,91.0,3.0523366573028152,0.03354216106926171,0.18314519122614634,0.3012470320470477,0.35895797874494795,0.4717507503643747,0.1034724142326398,0.0,0.0,0.0,0.0,0.0,0.0,0.0,0.0,0.0
383,383,0.0266566493899471,2024-02-13,460.12,0.1226525751730246,0.0069676072121776,0.0005645660188794,-0.2473159836976629,0.0074114375079096,10.000000000000002,43.1406299078407,43.34976190476191,0.0,90.0,3.049609823884818,0.033884553598720196,0.18407757494795557,0.3027806667935762,0.36078541725946545,0.47415241167716293,0.0266566493899471,0.0,0.0,0.0,0.0,0.0,0.0,0.0,0.0,0.0
384,384,-0.0152342391566705,2024-02-14,473.28,-0.0721006070806903,0.013353233344336,0.0005443633937716,-0.0901103550305505,1.999839935704049,8.999999999999986,38.22966460221001,38.114714285714285,0.0002320820426826327,91.0,3.049841905927501,0.033514746218983524,0.1830703313455884,0.30112389850099885,0.3588112560751674,0.4715579240903734,0.0,0.0,0.0,0.0,0.0,0.0,0.0,0.0,0.0,0.0
385,385,-0.0350985710036546,2024-02-15,484.0299999999998,-0.1698876132289893,0.0189899345503261,0.0003577494325506,0.999994161425806,1.135331600542301,7.999999999999968,45.74604040722246,45.54673913043477,0.0012319096864985835,91.0,3.046871309400532,0.03348210230110475,0.1829811528576229,0.3009772129416228,0.35863646945055927,0.47132821552782567,0.0,0.0,0.0,0.0,0.0,0.0,0.0,0.0,0.0,0.0
386,386,0.0368520576671761,2024-02-16,473.32,0.1744281593502783,0.0060014638969919,0.0002256209304126,-0.0362455294244533,0.3913046056053981,27.999999999999964,76.53959756593672,76.9003125,0.0,91.0,3.046871309400532,0.03348210230110475,0.1829811528576229,0.3009772129416228,0.35863646945055927,0.47132821552782567,0.0368520576671761,0.0,0.0,0.0,0.0,0.0,0.0,0.0,0.0,0.0
387,387,0.0349993430670574,2024-02-20,471.75,0.1651094009188436,0.0103692739263956,0.0006684693446211,-0.1563677642894306,0.392481776647555,10.0,35.298922696509635,35.478787878787884,0.0,90.0,3.044457294633403,0.03382730327370448,0.18392200323426364,0.30252477409605893,0.36048050230361606,0.47375168549823193,0.0349993430670574,0.0,0.0,0.0,0.0,0.0,0.0,0.0,0.0,0.0
388,388,0.0471175558693835,2024-02-21,468.03,0.2205242967354757,0.0074144947888919,0.0003702871577644,-0.9999745985237084,0.6348947300445561,8.999999999999988,39.02026445350123,39.39337837837838,0.0,89.0,3.04314502869246,0.03419264077182539,0.18491252194436533,0.304154032388933,0.36242188330142844,0.4763030926174253,0.0471175558693835,0.0,0.0,0.0,0.0,0.0,0.0,0.0,0.0,0.0
389,389,0.0255924617673923,2024-02-22,486.13000000000005,0.1244126343898245,0.0103524439560335,0.0002449804408241,0.9998307409187612,1.9998201027670648,7.99999999999997,30.222858622748515,30.494729729729727,0.0,88.0,2.9830680706838644,0.033898500803225734,0.18411545509061897,0.3028429740836255,0.3608596609748149,0.4742499844586579,0.0255924617673923,0.0,0.0,0.0,0.0,0.0,0.0,0.0,0.0,0.0
390,390,0.1666307022777557,2024-02-23,484.0299999999998,0.806542588235021,0.0044912984804307,0.000620084422658,-0.094771935588154,0.5817396829497311,20.99999999999997,62.9019721803388,63.80046296296296,0.0,88.0,2.9830680706838644,0.033898500803225734,0.18411545509061897,0.3028429740836255,0.3608596609748149,0.4742499844586579,0.1666307022777557,0.0,0.0,0.0,0.0,0.0,0.0,0.0,0.0,0.0
391,391,0.102346411520595,2024-02-26,481.74,0.4930436028593147,0.0051097553995869,0.0004104888880005,-0.139517521373632,0.1132117807843861,10.999999999999982,29.597728170360032,30.152096774193545,0.0,88.0,2.9830680706838644,0.033898500803225734,0.18411545509061897,0.3028429740836255,0.3608596609748149,0.4742499844586579,0.102346411520595,0.0,0.0,0.0,0.0,0.0,0.0,0.0,0.0,0.0
392,392,0.0763377753181552,2024-02-27,487.04999999999984,0.3718031346870747,0.0063752154556185,0.0006166445101861,-0.2330099177130457,0.4328422503504643,10.0,29.09730029597674,29.58145161290323,0.0,88.0,2.9830680706838644,0.033898500803225734,0.18411545509061897,0.3028429740836255,0.3608596609748149,0.4742499844586579,0.0763377753181552,0.0,0.0,0.0,0.0,0.0,0.0,0.0,0.0,0.0
393,393,-0.0004480696599927,2024-02-28,484.02,-0.002168746768297,0.0106019799004289,0.0006966793672871,-0.8949052145064829,1.272525646677318,8.999999999999988,23.04545712809472,23.18293103448276,2.0076642020597377e-07,88.0,2.9540247878534056,0.03356846349833415,0.18321698474304765,0.30136512187371445,0.359098691452398,0.47193567820901394,0.0,0.0,0.0,0.0,0.0,0.0,0.0,0.0,0.0,0.0
394,394,0.0784929862079748,2024-02-29,490.13,0.3847176733011469,0.0100973486765707,0.0006787796352029,-0.1669448417117802,0.2573072869776917,7.99999999999997,26.936131728517942,27.508382352941176,0.0,87.0,2.953979023098209,0.03395378187469206,0.18426552003750474,0.30308980895578885,0.36115378286605293,0.47463652614628177,0.0784929862079748,0.0,0.0,0.0,0.0,0.0,0.0,0.0,0.0,0.0
395,395,0.1474366583929031,2024-03-01,502.3,0.7405743351075523,0.0060563647011063,0.0006261930427163,-0.3062718319384636,0.0005323867656099,13.999999999999988,70.32434794909774,71.14622641509433,0.0,86.0,2.65423385238766,0.03086318433008907,0.17567920858795177,0.2889665834258567,0.34432492166488526,0.4525196535051258,0.1474366583929031,0.0,0.0,0.0,0.0,0.0,0.0,0.0,0.0,0.0
396,396,0.1231713074739782,2024-03-04,498.1899999999999,0.6136271367046121,0.0068926141683987,0.0003912624034615,-0.3360170933712702,5.173213046982816e-05,10.999999999999975,54.9679802733853,55.62961538461538,0.0,85.0,2.461134849472905,0.028954527640857704,0.17016029983770511,0.27988878635119924,0.3335080592804388,0.43830388662262804,0.1231713074739782,0.0,0.0,0.0,0.0,0.0,0.0,0.0,0.0,0.0
397,397,0.09847343728454,2024-03-05,490.2200000000001,0.4827364842562721,0.0127702499715687,0.0004756683683034,-0.3967200873741875,0.4194521742719386,10.0,52.15567928944383,52.896875,0.0,85.0,2.461134849472905,0.028954527640857704,0.17016029983770511,0.27988878635119924,0.3335080592804388,0.43830388662262804,0.09847343728454,0.0,0.0,0.0,0.0,0.0,0.0,0.0,0.0,0.0
398,398,0.0399293950645745,2024-03-06,496.09,0.1980857359758479,0.0140565084871293,0.0005152523297571,-0.4610040748954473,0.273301734486457,8.999999999999984,48.45055159626517,48.82458333333333,0.0,84.0,2.4531677565836376,0.029204378054567114,0.1708928847394388,0.2810937812838658,0.3349438993034547,0.4401909002798512,0.0399293950645745,0.0,0.0,0.0,0.0,0.0,0.0,0.0,0.0,0.0
399,399,0.056268634497402,2024-03-07,512.1899999999999,0.2882023190322434,0.0172610769788237,0.0005193375012451,-0.1266613877925034,0.2959914275947136,7.999999999999968,48.606490545444736,49.08068627450981,0.0,83.0,2.450615384059706,0.029525486554936215,0.17182981858494822,0.2826349003178656,0.33678025589654975,0.4426042819346011,0.056268634497402,0.0,0.0,0.0,0.0,0.0,0.0,0.0,0.0,0.0
400,400,-0.7269551129471629,2024-03-08,505.9500000000001,-3.678029393956171,0.0086379369736565,0.0009625603968008,-0.169485694022988,0.4397792163755099,41.99999999999998,74.2210849495117,70.54305555555555,0.5284637362400223,84.0,2.979079120299728,0.03546522762261581,0.1883221378983783,0.30976235155740284,0.36910460777240706,0.48508568130561974,0.0,0.0,0.0,0.0,0.0,0.0,0.0,0.0,0.0,0.0
401,401,-0.0043648297645661,2024-03-11,483.59,-0.0211078802584656,0.0094964530334141,0.0006628240715723,-0.1948424028998707,0.6138775221961262,38.99999999999999,69.4236677645635,69.61198113207547,1.905173887364216e-05,85.0,2.9790981720386016,0.03504821378868943,0.1872116817634237,0.3079358137562523,0.3669281537414845,0.48222533585289806,0.0,0.0,0.0,0.0,0.0,0.0,0.0,0.0,0.0,0.0
402,402,0.0517522681108606,2024-03-12,499.75,0.2586319598840261,0.0139682608156169,0.0009399792882055,-0.998031178812891,1.269153204676337,10.0,32.197784892057506,32.655161290322575,0.0,84.0,2.9339031187351465,0.034927418080180316,0.18688878532480305,0.30740469637805734,0.36629528835105174,0.4813936097442874,0.0517522681108606,0.0,0.0,0.0,0.0,0.0,0.0,0.0,0.0,0.0
403,403,0.0745029940962649,2024-03-13,495.57,0.3692144878428601,0.0061170621108828,0.0013698876078687,-0.0158007852778275,0.3453174947233239,8.999999999999984,30.80728889929704,31.172031250000003,0.0,83.0,2.930798047425869,0.03531081984850444,0.1879117341958837,0.3090872975388403,0.3683002312963957,0.48402855142244916,0.0745029940962649,0.0,0.0,0.0,0.0,0.0,0.0,0.0,0.0,0.0
404,404,-0.0194474707807962,2024-03-14,491.83000000000015,-0.0956484955411902,0.0077669776219314,0.0004913291278434,-0.111902253792843,0.2443942485088955,7.99999999999997,36.33949243398512,36.11945945945946,0.00037820411976992194,83.0,2.9310205982852495,0.035313501184159636,0.18791886862196577,0.3090990326254576,0.368314214514567,0.4840469284862154,0.0,0.0,0.0,0.0,0.0,0.0,0.0,0.0,0.0,0.0
405,405,0.4213014394040634,2024-03-15,484.0999999999999,2.0395202681550706,0.0051734670094738,0.0010702087369667,-0.0503639610333092,0.4716216649642011,35.0,80.64566841109023,82.68518867924531,0.0,82.0,2.9304910933209647,0.03573769626001176,0.18904416483989067,0.31094998019090614,0.3705197545736389,0.4869454994595191,0.4213014394040634,0.4213014394040634,527.34,0.4213014394040634,0.4213014394040634,527.34,0.4213014394040634,0.0,0.0,0.0
406,406,0.499123236245397,2024-03-18,496.98,2.480542659492374,0.011179481596217,0.0012397782904838,-0.1944806561970057,0.6618234051065379,32.0,52.29945734050762,54.78,0.0,82.0,2.9304910933209647,0.03573769626001176,0.18904416483989067,0.31094998019090614,0.3705197545736389,0.4869454994595191,0.499123236245397,0.499123236245397,527.34,0.499123236245397,0.499123236245397,527.34,0.499123236245397,0.499123236245397,527.34,0.499123236245397
407,407,0.1084171466517043,2024-03-19,496.2400000000002,0.5380092485444177,0.0106662562132934,0.001412136369372,-0.4326545823506664,0.4234642208072496,8.999999999999988,30.44185245834336,31.092435897435895,0.0,82.0,2.9304910933209647,0.03573769626001176,0.18904416483989067,0.31094998019090614,0.3705197545736389,0.4869454994595191,0.1084171466517043,0.0,0.0,0.0,0.0,0.0,0.0,0.0,0.0,0.0
408,408,0.0298065879362248,2024-03-20,505.52,0.1506782633352038,0.0168208510337736,0.0007302671164267,-0.3943942433630243,0.2601581211472613,7.99999999999997,33.58281182291352,33.77486111111111,0.0,81.0,2.9101906980691994,0.035928280223076536,0.18954756717794227,0.3117780033524662,0.3715064050259533,0.48824217795334746,0.0298065879362248,0.0,0.0,0.0,0.0,0.0,0.0,0.0,0.0,0.0
409,409,0.1393576332559953,2024-03-21,507.76,0.7076023186206416,0.0044132068511457,0.0006545270619758,-0.9999837237062196,1.9998403462126968,28.999999999999982,53.291723006918,54.0001,0.0,80.0,2.904764577174974,0.03630955721468718,0.19055066836588944,0.3134279579796604,0.3734724472271791,0.49082599538768645,0.1393576332559953,0.0,0.0,0.0,0.0,0.0,0.0,0.0,0.0,0.0
410,410,-0.1105851654878273,2024-03-22,509.58,-0.5635198862928705,0.0078482023819097,0.0003096825083105,0.0248891820555207,0.0008136054832854,13.999999999999986,43.14705119681482,42.36,0.01222907882597015,81.0,2.9169936560009444,0.03601226735803635,0.18976898418349705,0.31214220191712166,0.3719403743824054,0.4888125103645595,0.0,0.0,0.0,0.0,0.0,0.0,0.0,0.0,0.0,0.0
411,411,0.0574755274436131,2024-03-25,503.02,0.289113398146863,0.0092237254427156,0.0002390934676803,-0.9212146900345942,1.7563653772406536,10.999999999999982,34.214123671605705,34.67551282051283,0.0,81.0,2.9169936560009444,0.03601226735803635,0.18976898418349705,0.31214220191712166,0.3719403743824054,0.4888125103645595,0.0574755274436131,0.0,0.0,0.0,0.0,0.0,0.0,0.0,0.0,0.0
412,412,0.0279020064408033,2024-03-26,495.89,0.1383632597392997,0.0056557582714433,0.0002613447774032,-0.0359790504312111,1.5350486543912436,10.0,21.5921792775811,21.909242424242425,0.0,80.0,2.9144873518891603,0.0364310918986145,0.1908693058053455,0.31395206992763225,0.374096965132639,0.4916467510414452,0.0279020064408033,0.0,0.0,0.0,0.0,0.0,0.0,0.0,0.0,0.0
413,413,0.0003150926890221,2024-03-27,493.86000000000007,0.0015561167540049,0.0047931411940408,0.0002304477281616,-0.9995600550367908,1.5059051506671624,8.999999999999986,31.56918080363149,31.62642857142857,0.0,79.0,2.9067679134535367,0.036794530550044766,0.19181900466336688,0.31551418553876037,0.37595834069051975,0.49409301318948357,0.0003150926890221,0.0,0.0,0.0,0.0,0.0,0.0,0.0,0.0,0.0
414,414,-0.2741015032684303,2024-03-28,485.58,-1.3309820795708442,0.0101355722334186,0.0012060581521863,0.0524912361957234,0.3628699835414636,7.99999999999997,22.96435707957084,21.633375,0.07513163409401331,79.0,2.9512467473826995,0.03735755376433797,0.19328102277341655,0.3179189913297443,0.37882384353096243,0.4978589222796687,0.0,0.0,0.0,0.0,0.0,0.0,0.0,0.0,0.0,0.0
415,415,-0.0788387633212905,2024-04-01,491.35,-0.3873742635791612,0.0213556645590995,0.0009044869213838,0.2566945072375186,0.6588486301395718,17.999999999999968,51.31453221959688,50.785625,0.0062155506020304604,79.0,2.9537783251641945,0.037389599052711324,0.19336390317924212,0.31805531746586974,0.3789862861414046,0.49807240805768427,0.0,0.0,0.0,0.0,0.0,0.0,0.0,0.0,0.0,0.0
416,416,-0.0410388109442102,2024-04-02,497.3700000000002,-0.2041147339932186,0.0045532228076729,0.000862476146984,-0.999777896295696,1.2170436856709024,10.0,36.38703437125291,35.920333333333325,0.0016841840037146267,80.0,2.955462509167909,0.03694328136459886,0.19220635099964534,0.31615131356487436,0.3767175255591691,0.49509075123309193,0.0,0.0,0.0,0.0,0.0,0.0,0.0,0.0,0.0,0.0
417,417,-0.050148574305201,2024-04-03,506.74,-0.2541228854341758,0.0129803542623215,0.0006691017969505,-0.9999820873678308,0.6581048893877111,8.999999999999988,27.80316144222724,27.527666666666672,0.0025148795048442656,81.0,2.957977388672753,0.036518239366330286,0.19109746038691955,0.3143273508186399,0.374544139895432,0.4922344382984026,0.0,0.0,0.0,0.0,0.0,0.0,0.0,0.0,0.0,0.0
418,418,-0.1257927418926149,2024-04-04,510.9199999999997,-0.6427002768777479,0.0092907888769736,0.0006791541881742,0.9973960209700168,1.8330866634187724,7.999999999999968,23.002839524639413,22.290978260869565,0.015823813912862035,82.0,2.9738012025856153,0.03626586832421482,0.19043599534808228,0.31323933765040685,0.37324769224227855,0.49053061726809244,0.0,0.0,0.0,0.0,0.0,0.0,0.0,0.0,0.0,0.0
419,419,-0.0071760304705127,2024-04-05,527.34,-0.037842079083202,0.0075256698261954,0.0003435369865421,-0.3193216326908477,0.0092188673069995,13.999999999999986,76.49335990983082,76.2766,5.149541331372672e-05,83.0,2.9738526979989293,0.035829550578300354,0.18928695300601242,0.3113493311865324,0.37099561063511005,0.4875708803323704,0.0,0.0,0.0,0.0,0.0,0.0,0.0,0.0,0.0,0.0
420,420,-0.1476880720655549,2024-04-08,519.25,-0.7668703142003942,0.0201965052899175,0.0004396320899986,-0.3285686052943955,0.489633018380393,10.99999999999998,49.99727819940588,49.02565217391304,0.021811766630440536,83.0,2.995351872021546,0.03608857677134393,0.1899699364934987,0.31247273905307216,0.3723342336726187,0.48933012921327756,0.0,0.0,0.0,0.0,0.0,0.0,0.0,0.0,0.0,0.0
421,421,0.0185450888918093,2024-04-09,516.9000000000002,0.0958595644817627,0.0293296409998338,0.0005034693759677,0.2338579427898452,0.4566946303676277,10.000000000000004,51.30009163597976,51.52521276595745,0.0,83.0,2.995351872021546,0.03608857677134393,0.1899699364934987,0.31247273905307216,0.3723342336726187,0.48933012921327756,0.0185450888918093,0.0,0.0,0.0,0.0,0.0,0.0,0.0,0.0,0.0
422,422,0.0058438695921172,2024-04-10,519.8300000000004,0.0303781873007032,0.0134794669632555,0.0007091780762861,-0.7663057176538228,0.263004607323706,8.999999999999988,48.01596557245588,47.60102564102564,0.0,83.0,2.995351872021546,0.03608857677134393,0.1899699364934987,0.31247273905307216,0.3723342336726187,0.48933012921327756,0.0058438695921172,0.0,0.0,0.0,0.0,0.0,0.0,0.0,0.0,0.0
423,423,-0.000546388563193,2024-04-11,523.16,-0.0028584864072005,0.0096131198772069,0.0002726130602472,-0.2975215215425339,0.5491253067356696,7.999999999999968,61.993102389483695,61.919222222222224,2.98540461988111e-07,84.0,2.9953521705620076,0.03565895441145247,0.18883578689287808,0.3106072289689858,0.3701113413023218,0.4864087534373907,0.0,0.0,0.0,0.0,0.0,0.0,0.0,0.0,0.0,0.0
424,424,-0.0412042139717322,2024-04-12,511.90000000000026,-0.2109243713212973,0.0107414467120787,0.0018046364262245,-0.3963810846623157,0.7372211628979756,13.999999999999991,42.25548185125582,41.862179487179496,0.001697787249028291,84.0,2.9623323093775054,0.03526586082592268,0.18779206805912405,0.3088904642597679,0.3680656899781778,0.4837203118807412,0.0,0.0,0.0,0.0,0.0,0.0,0.0,0.0,0.0,0.0
425,425,0.0829204216626312,2024-04-15,500.23,0.4147928252829805,0.0045473375466018,0.0011889040574373,-0.7197931741946081,1.1247924185683087,10.999999999999975,36.93749214702963,37.4247,0.0,83.0,2.9596537937506886,0.03565847944277938,0.1888345292651198,0.3106051603554062,0.37010887639720963,0.48640551400295795,0.0829204216626312,0.0,0.0,0.0,0.0,0.0,0.0,0.0,0.0,0.0
426,426,0.2115929496194115,2024-04-16,499.7599999999998,1.0574569250179706,0.003333022267827,0.0016004887070333,0.0585363900158127,0.1732085114904078,10.000000000000004,39.63190477710969,40.68936170212766,0.0,82.0,2.9558830081793888,0.03604735375828523,0.18986140671101442,0.31229422344672064,0.3721215192076996,0.4890505750192468,0.2115929496194115,0.0,0.0,0.0,0.0,0.0,0.0,0.0,0.0,0.0
427,427,0.2252044663522278,2024-04-17,494.17,1.112892911372804,0.0111157543684672,0.0006643815655487,-0.9999785518231624,0.2252506166231975,8.999999999999984,26.78482119348202,27.984791666666663,0.0,82.0,2.9558830081793888,0.03604735375828523,0.18986140671101442,0.31229422344672064,0.3721215192076996,0.4890505750192468,0.2252044663522278,0.0,0.0,0.0,0.0,0.0,0.0,0.0,0.0,0.0
428,428,0.129118610104732,2024-04-18,501.8,0.6479171855055454,0.0107101920317599,0.0004479042687681,-0.4704535727590735,0.310949011683176,7.999999999999968,41.63159657973775,42.45617647058824,0.0,81.0,2.9557742991260283,0.03649104072995096,0.19102628282503684,0.31421027414781955,0.3744046344376345,0.4920510970487499,0.129118610104732,0.0,0.0,0.0,0.0,0.0,0.0,0.0,0.0,0.0
429,429,0.0123292931825307,2024-04-19,481.07,0.0593125307132004,0.0037090276038367,0.0011277525244765,-0.4468941543953839,1.9923282843879664,27.99999999999997,74.2991759690821,74.32962264150943,0.0,81.0,2.9557742991260283,0.03649104072995096,0.19102628282503684,0.31421027414781955,0.3744046344376345,0.4920510970487499,0.0123292931825307,0.0,0.0,0.0,0.0,0.0,0.0,0.0,0.0,0.0
430,430,0.192533280384059,2024-04-22,481.73,0.9274905715941276,0.0075659946494178,0.0006863785212909,-0.9999653462685252,1.094253034066735,24.99999999999999,49.46056004479795,50.41793478260868,0.0,80.0,2.947160550166705,0.03683950687708381,0.19193620522737187,0.31570696331154474,0.37618804957493734,0.4943949018366401,0.192533280384059,0.0,0.0,0.0,0.0,0.0,0.0,0.0,0.0,0.0
431,431,-0.0387769857019795,2024-04-23,496.0999999999999,-0.1923726260675204,0.0112767922626686,0.0011276185010753,-0.9999635516713324,0.7406649667164975,23.99999999999997,57.974620227909874,57.61377777777778,0.0015036546201315228,80.0,2.924817694952973,0.03656022118691216,0.19120727284000513,0.3145079762303822,0.37475936834853374,0.492517296432955,0.0,0.0,0.0,0.0,0.0,0.0,0.0,0.0,0.0,0.0
432,432,0.500321856216392,2024-04-24,493.5,2.4690883604278944,0.0171700195874516,0.001309070091665,-0.3037957677749791,6.18962543756929e-05,22.99999999999997,56.02237146264494,58.49283333333333,0.0,80.0,2.924817694952973,0.03656022118691216,0.19120727284000513,0.3145079762303822,0.37475936834853374,0.492517296432955,0.500321856216392,0.500321856216392,527.34,0.500321856216392,0.500321856216392,527.34,0.500321856216392,0.500321856216392,527.34,0.500321856216392
433,433,0.3153632856440493,2024-04-25,441.38,1.3919504701757046,0.0159057485818593,0.0007928368708206,-0.9999839367828168,1.4805638495473574,22.0,37.464811114814495,39.004065934065935,0.0,79.0,2.9247496872858028,0.03702214794032662,0.19241140283342517,0.31648859381738015,0.37711941976834146,0.4956189297552885,0.3153632856440493,0.0,0.0,0.0,0.0,0.0,0.0,0.0,0.0,0.0
434,434,-0.2976826481508564,2024-04-26,443.2900000000001,-1.3195974109879318,0.009573795211347,0.0014274389279366,-0.9999831535966645,1.7834631608873854,20.99999999999998,32.21825987820142,30.775714285714287,0.08861495901010656,80.0,3.013364646295909,0.03766705807869886,0.19408003008732985,0.31923324140799536,0.3803898690896166,0.49991702873259647,0.0,0.0,0.0,0.0,0.0,0.0,0.0,0.0,0.0,0.0
435,435,-0.0858862283637518,2024-04-29,432.62,-0.3715610011472632,0.0113686601981518,0.00054696919568,-0.3942452667421453,0.5209344136846458,17.999999999999968,28.04524765388925,27.58192307692308,0.007376444222550524,80.0,3.0206106168846882,0.0377576327110586,0.19431323349442414,0.3196168268779718,0.38084693936859343,0.5005177209022774,0.0,0.0,0.0,0.0,0.0,0.0,0.0,0.0,0.0,0.0
436,436,-0.2654087579831035,2024-04-30,430.1699999999998,-1.1417088542159155,0.0058320179895101,0.0008041406792266,-0.4645453314453071,1.0260505288721162,16.99999999999999,25.15150314529317,23.944090909090903,0.0704418088141336,81.0,3.091052425698822,0.03816114105801015,0.1953487677412124,0.321320129139634,0.3828765491970562,0.503185080359983,0.0,0.0,0.0,0.0,0.0,0.0,0.0,0.0,0.0,0.0
